GameID,Teams,Yards,Quarter,Date,Time
2015091000,PIT@NE,0.0,1,2015-09-10,07:48
2015091000,PIT@NE,15.0,1,2015-09-10,03:25
2015091000,PIT@NE,3.0,3,2015-09-10,04:27
2015091000,PIT@NE,0.0,4,2015-09-10,03:09
2015091000,PIT@NE,0.0,4,2015-09-10,07:36
2015091000,PIT@NE,0.0,4,2015-09-10,08:36
2015091000,PIT@NE,11.0,4,2015-09-10,07:45
2015091309,BAL@DEN,0.0,1,2015-09-13,00:05
2015091307,NO@ARI,0.0,1,2015-09-13,01:53
2015091310,CIN@OAK,0.0,1,2015-09-13,02:43
2015091304,IND@BUF,0.0,1,2015-09-13,04:13
2015091310,CIN@OAK,0.0,1,2015-09-13,04:45
2015091300,GB@CHI,0.0,1,2015-09-13,05:32
2015091301,SEA@STL,0.0,1,2015-09-13,06:58
2015091308,DET@SD,0.0,1,2015-09-13,07:33
2015091300,GB@CHI,0.0,1,2015-09-13,08:04
2015091304,IND@BUF,0.0,1,2015-09-13,08:08
2015091306,KC@HOU,0.0,1,2015-09-13,08:50
2015091311,TEN@TB,0.0,1,2015-09-13,10:23
2015091306,KC@HOU,0.0,1,2015-09-13,11:23
2015091304,IND@BUF,0.0,1,2015-09-13,11:23
2015091309,BAL@DEN,0.0,1,2015-09-13,11:41
2015091305,CLE@NYJ,0.0,1,2015-09-13,11:44
2015091302,CAR@JAC,0.0,1,2015-09-13,13:42
2015091310,CIN@OAK,5.0,1,2015-09-13,13:43
2015091304,IND@BUF,6.0,1,2015-09-13,07:22
2015091303,MIA@WAS,10.0,1,2015-09-13,06:02
2015091309,BAL@DEN,13.0,1,2015-09-13,03:50
2015091308,DET@SD,20.0,1,2015-09-13,08:42
2015091302,CAR@JAC,37.0,1,2015-09-13,06:45
2015091301,SEA@STL,57.0,1,2015-09-13,04:45
2015091312,NYG@DAL,-3.0,2,2015-09-13,11:03
2015091309,BAL@DEN,0.0,2,2015-09-13,01:20
2015091301,SEA@STL,0.0,2,2015-09-13,01:56
2015091306,KC@HOU,0.0,2,2015-09-13,02:38
2015091309,BAL@DEN,0.0,2,2015-09-13,02:38
2015091312,NYG@DAL,0.0,2,2015-09-13,03:02
2015091301,SEA@STL,0.0,2,2015-09-13,03:06
2015091308,DET@SD,0.0,2,2015-09-13,03:09
2015091307,NO@ARI,0.0,2,2015-09-13,03:46
2015091307,NO@ARI,0.0,2,2015-09-13,08:29
2015091309,BAL@DEN,0.0,2,2015-09-13,11:04
2015091304,IND@BUF,0.0,2,2015-09-13,11:19
2015091310,CIN@OAK,0.0,2,2015-09-13,13:41
2015091303,MIA@WAS,0.0,2,2015-09-13,13:54
2015091308,DET@SD,0.0,2,2015-09-13,14:00
2015091302,CAR@JAC,0.0,2,2015-09-13,14:12
2015091307,NO@ARI,0.0,2,2015-09-13,14:15
2015091305,CLE@NYJ,1.0,2,2015-09-13,07:30
2015091312,NYG@DAL,1.0,2,2015-09-13,13:22
2015091305,CLE@NYJ,10.0,2,2015-09-13,06:05
2015091307,NO@ARI,11.0,2,2015-09-13,01:19
2015091308,DET@SD,14.0,2,2015-09-13,11:08
2015091306,KC@HOU,16.0,2,2015-09-13,04:10
2015091310,CIN@OAK,18.0,2,2015-09-13,01:15
2015091306,KC@HOU,19.0,2,2015-09-13,09:07
2015091311,TEN@TB,24.0,2,2015-09-13,11:56
2015091308,DET@SD,0.0,3,2015-09-13,00:57
2015091311,TEN@TB,0.0,3,2015-09-13,01:02
2015091302,CAR@JAC,0.0,3,2015-09-13,01:14
2015091303,MIA@WAS,0.0,3,2015-09-13,02:16
2015091312,NYG@DAL,0.0,3,2015-09-13,02:42
2015091311,TEN@TB,0.0,3,2015-09-13,05:43
2015091302,CAR@JAC,0.0,3,2015-09-13,06:42
2015091307,NO@ARI,0.0,3,2015-09-13,07:13
2015091310,CIN@OAK,0.0,3,2015-09-13,07:58
2015091309,BAL@DEN,0.0,3,2015-09-13,08:18
2015091306,KC@HOU,0.0,3,2015-09-13,08:25
2015091302,CAR@JAC,0.0,3,2015-09-13,11:23
2015091306,KC@HOU,0.0,3,2015-09-13,11:56
2015091310,CIN@OAK,0.0,3,2015-09-13,13:18
2015091306,KC@HOU,0.0,3,2015-09-13,13:46
2015091311,TEN@TB,1.0,3,2015-09-13,12:35
2015091307,NO@ARI,2.0,3,2015-09-13,10:33
2015091306,KC@HOU,3.0,3,2015-09-13,03:21
2015091310,CIN@OAK,5.0,3,2015-09-13,10:06
2015091303,MIA@WAS,5.0,3,2015-09-13,10:48
2015091301,SEA@STL,6.0,3,2015-09-13,01:22
2015091301,SEA@STL,6.0,3,2015-09-13,03:13
2015091309,BAL@DEN,7.0,3,2015-09-13,06:58
2015091302,CAR@JAC,9.0,3,2015-09-13,02:54
2015091309,BAL@DEN,10.0,3,2015-09-13,02:55
2015091305,CLE@NYJ,12.0,3,2015-09-13,06:42
2015091303,MIA@WAS,13.0,3,2015-09-13,07:31
2015091306,KC@HOU,14.0,3,2015-09-13,11:01
2015091309,BAL@DEN,22.0,3,2015-09-13,12:37
2015091301,SEA@STL,75.0,3,2015-09-13,04:49
2015091311,TEN@TB,-2.0,4,2015-09-13,07:14
2015091311,TEN@TB,0.0,4,2015-09-13,00:37
2015091307,NO@ARI,0.0,4,2015-09-13,02:20
2015091304,IND@BUF,0.0,4,2015-09-13,02:43
2015091303,MIA@WAS,0.0,4,2015-09-13,05:08
2015091305,CLE@NYJ,0.0,4,2015-09-13,07:43
2015091308,DET@SD,0.0,4,2015-09-13,09:00
2015091312,NYG@DAL,0.0,4,2015-09-13,09:54
2015091304,IND@BUF,0.0,4,2015-09-13,11:27
2015091309,BAL@DEN,0.0,4,2015-09-13,14:00
2015091310,CIN@OAK,0.0,4,2015-09-13,14:28
2015091302,CAR@JAC,0.0,4,2015-09-13,14:57
2015091304,IND@BUF,1.0,4,2015-09-13,09:56
2015091304,IND@BUF,1.0,4,2015-09-13,13:33
2015091306,KC@HOU,3.0,4,2015-09-13,10:04
2015091312,NYG@DAL,3.0,4,2015-09-13,14:13
2015091307,NO@ARI,4.0,4,2015-09-13,01:58
2015091306,KC@HOU,8.0,4,2015-09-13,02:55
2015091310,CIN@OAK,11.0,4,2015-09-13,05:29
2015091300,GB@CHI,11.0,4,2015-09-13,06:15
2015091310,CIN@OAK,11.0,4,2015-09-13,12:47
2015091311,TEN@TB,13.0,4,2015-09-13,15:00
2015091302,CAR@JAC,15.0,4,2015-09-13,10:59
2015091306,KC@HOU,15.0,4,2015-09-13,15:00
2015091306,KC@HOU,17.0,4,2015-09-13,08:30
2015091303,MIA@WAS,69.0,4,2015-09-13,10:38
2015091400,PHI@ATL,0.0,1,2015-09-14,01:31
2015091401,MIN@SF,0.0,1,2015-09-14,03:33
2015091400,PHI@ATL,0.0,1,2015-09-14,04:54
2015091401,MIN@SF,0.0,1,2015-09-14,05:37
2015091400,PHI@ATL,9.0,1,2015-09-14,14:10
2015091400,PHI@ATL,11.0,1,2015-09-14,09:44
2015091400,PHI@ATL,15.0,1,2015-09-14,03:58
2015091400,PHI@ATL,0.0,2,2015-09-14,05:17
2015091401,MIN@SF,0.0,2,2015-09-14,08:57
2015091401,MIN@SF,0.0,2,2015-09-14,10:31
2015091401,MIN@SF,9.0,2,2015-09-14,14:56
2015091401,MIN@SF,11.0,2,2015-09-14,06:13
2015091400,PHI@ATL,12.0,2,2015-09-14,06:31
2015091401,MIN@SF,85.0,2,2015-09-14,06:01
2015091400,PHI@ATL,0.0,3,2015-09-14,09:59
2015091401,MIN@SF,0.0,3,2015-09-14,10:22
2015091400,PHI@ATL,10.0,4,2015-09-14,02:00
2015091700,DEN@KC,0.0,1,2015-09-17,03:31
2015091700,DEN@KC,3.0,1,2015-09-17,06:45
2015091700,DEN@KC,8.0,1,2015-09-17,12:29
2015091700,DEN@KC,0.0,3,2015-09-17,01:46
2015091700,DEN@KC,0.0,3,2015-09-17,05:11
2015091700,DEN@KC,0.0,3,2015-09-17,06:24
2015091700,DEN@KC,0.0,4,2015-09-17,04:51
2015091700,DEN@KC,0.0,4,2015-09-17,10:02
2015091700,DEN@KC,0.0,4,2015-09-17,11:41
2015091700,DEN@KC,2.0,4,2015-09-17,14:46
2015092003,TEN@CLE,0.0,1,2015-09-20,02:00
2015092007,DET@MIN,0.0,1,2015-09-20,02:33
2015092010,BAL@OAK,0.0,1,2015-09-20,03:06
2015092004,ATL@NYG,0.0,1,2015-09-20,05:00
2015092005,STL@WAS,0.0,1,2015-09-20,05:29
2015092007,DET@MIN,0.0,1,2015-09-20,05:33
2015092000,HOU@CAR,0.0,1,2015-09-20,06:18
2015092006,ARI@CHI,0.0,1,2015-09-20,06:30
2015092008,TB@NO,0.0,1,2015-09-20,07:02
2015092009,SF@PIT,0.0,1,2015-09-20,07:46
2015092012,DAL@PHI,0.0,1,2015-09-20,07:51
2015092005,STL@WAS,0.0,1,2015-09-20,08:31
2015092013,SEA@GB,0.0,1,2015-09-20,08:53
2015092012,DAL@PHI,0.0,1,2015-09-20,09:38
2015092004,ATL@NYG,0.0,1,2015-09-20,09:39
2015092005,STL@WAS,0.0,1,2015-09-20,09:46
2015092006,ARI@CHI,0.0,1,2015-09-20,10:29
2015092008,TB@NO,0.0,1,2015-09-20,10:45
2015092009,SF@PIT,0.0,1,2015-09-20,11:37
2015092012,DAL@PHI,0.0,1,2015-09-20,11:47
2015092002,SD@CIN,0.0,1,2015-09-20,13:45
2015092000,HOU@CAR,0.0,1,2015-09-20,13:52
2015092012,DAL@PHI,1.0,1,2015-09-20,00:31
2015092005,STL@WAS,3.0,1,2015-09-20,12:26
2015092011,MIA@JAC,6.0,1,2015-09-20,01:54
2015092007,DET@MIN,7.0,1,2015-09-20,07:35
2015092008,TB@NO,8.0,1,2015-09-20,04:05
2015092000,HOU@CAR,8.0,1,2015-09-20,14:48
2015092001,NE@BUF,10.0,1,2015-09-20,06:42
2015092003,TEN@CLE,14.0,1,2015-09-20,13:42
2015092000,HOU@CAR,15.0,1,2015-09-20,12:05
2015092012,DAL@PHI,15.0,1,2015-09-20,12:41
2015092013,SEA@GB,22.0,1,2015-09-20,00:51
2015092003,TEN@CLE,25.0,1,2015-09-20,03:44
2015092001,NE@BUF,28.0,1,2015-09-20,01:41
2015092001,NE@BUF,30.0,1,2015-09-20,08:39
2015092005,STL@WAS,-1.0,2,2015-09-20,01:54
2015092005,STL@WAS,-1.0,2,2015-09-20,13:57
2015092009,SF@PIT,0.0,2,2015-09-20,00:25
2015092005,STL@WAS,0.0,2,2015-09-20,00:29
2015092013,SEA@GB,0.0,2,2015-09-20,01:16
2015092006,ARI@CHI,0.0,2,2015-09-20,01:25
2015092004,ATL@NYG,0.0,2,2015-09-20,01:32
2015092000,HOU@CAR,0.0,2,2015-09-20,01:45
2015092013,SEA@GB,0.0,2,2015-09-20,02:48
2015092013,SEA@GB,0.0,2,2015-09-20,06:12
2015092012,DAL@PHI,0.0,2,2015-09-20,07:14
2015092001,NE@BUF,0.0,2,2015-09-20,09:10
2015092012,DAL@PHI,0.0,2,2015-09-20,09:22
2015092012,DAL@PHI,0.0,2,2015-09-20,10:30
2015092001,NE@BUF,0.0,2,2015-09-20,11:08
2015092001,NE@BUF,0.0,2,2015-09-20,11:15
2015092008,TB@NO,0.0,2,2015-09-20,11:21
2015092005,STL@WAS,0.0,2,2015-09-20,12:33
2015092013,SEA@GB,0.0,2,2015-09-20,12:34
2015092003,TEN@CLE,0.0,2,2015-09-20,14:12
2015092011,MIA@JAC,0.0,2,2015-09-20,14:55
2015092000,HOU@CAR,0.0,2,2015-09-20,14:55
2015092005,STL@WAS,1.0,2,2015-09-20,10:57
2015092004,ATL@NYG,5.0,2,2015-09-20,02:42
2015092004,ATL@NYG,6.0,2,2015-09-20,01:10
2015092012,DAL@PHI,7.0,2,2015-09-20,05:38
2015092000,HOU@CAR,8.0,2,2015-09-20,00:56
2015092008,TB@NO,8.0,2,2015-09-20,08:17
2015092003,TEN@CLE,9.0,2,2015-09-20,02:54
2015092000,HOU@CAR,11.0,2,2015-09-20,13:36
2015092000,HOU@CAR,12.0,2,2015-09-20,01:25
2015092002,SD@CIN,12.0,2,2015-09-20,01:58
2015092000,HOU@CAR,16.0,2,2015-09-20,04:44
2015092009,SF@PIT,16.0,2,2015-09-20,06:05
2015092003,TEN@CLE,16.0,2,2015-09-20,11:50
2015092000,HOU@CAR,17.0,2,2015-09-20,10:18
2015092008,TB@NO,18.0,2,2015-09-20,12:29
2015092011,MIA@JAC,19.0,2,2015-09-20,01:28
2015092003,TEN@CLE,19.0,2,2015-09-20,01:51
2015092003,TEN@CLE,78.0,2,2015-09-20,01:12
2015092013,SEA@GB,0.0,3,2015-09-20,00:44
2015092012,DAL@PHI,0.0,3,2015-09-20,01:46
2015092005,STL@WAS,0.0,3,2015-09-20,02:06
2015092011,MIA@JAC,0.0,3,2015-09-20,04:16
2015092007,DET@MIN,0.0,3,2015-09-20,04:52
2015092005,STL@WAS,0.0,3,2015-09-20,05:29
2015092011,MIA@JAC,0.0,3,2015-09-20,06:37
2015092010,BAL@OAK,0.0,3,2015-09-20,06:45
2015092013,SEA@GB,0.0,3,2015-09-20,08:43
2015092009,SF@PIT,0.0,3,2015-09-20,10:44
2015092012,DAL@PHI,0.0,3,2015-09-20,12:21
2015092005,STL@WAS,0.0,3,2015-09-20,13:02
2015092007,DET@MIN,1.0,3,2015-09-20,00:55
2015092001,NE@BUF,2.0,3,2015-09-20,06:46
2015092009,SF@PIT,4.0,3,2015-09-20,00:20
2015092005,STL@WAS,5.0,3,2015-09-20,02:16
2015092003,TEN@CLE,5.0,3,2015-09-20,11:21
2015092006,ARI@CHI,6.0,3,2015-09-20,10:42
2015092011,MIA@JAC,7.0,3,2015-09-20,02:09
2015092009,SF@PIT,7.0,3,2015-09-20,09:11
2015092005,STL@WAS,8.0,3,2015-09-20,02:26
2015092003,TEN@CLE,12.0,3,2015-09-20,07:15
2015092001,NE@BUF,16.0,3,2015-09-20,01:38
2015092003,TEN@CLE,16.0,3,2015-09-20,05:48
2015092006,ARI@CHI,20.0,3,2015-09-20,00:53
2015092002,SD@CIN,23.0,3,2015-09-20,00:41
2015092010,BAL@OAK,25.0,3,2015-09-20,13:08
2015092004,ATL@NYG,26.0,3,2015-09-20,08:56
2015092007,DET@MIN,31.0,3,2015-09-20,11:36
2015092011,MIA@JAC,-1.0,4,2015-09-20,12:16
2015092002,SD@CIN,0.0,4,2015-09-20,01:19
2015092011,MIA@JAC,0.0,4,2015-09-20,03:06
2015092008,TB@NO,0.0,4,2015-09-20,03:09
2015092011,MIA@JAC,0.0,4,2015-09-20,06:53
2015092006,ARI@CHI,0.0,4,2015-09-20,07:58
2015092004,ATL@NYG,0.0,4,2015-09-20,08:12
2015092011,MIA@JAC,0.0,4,2015-09-20,08:30
2015092006,ARI@CHI,0.0,4,2015-09-20,10:12
2015092000,HOU@CAR,0.0,4,2015-09-20,11:27
2015092005,STL@WAS,0.0,4,2015-09-20,12:28
2015092011,MIA@JAC,0.0,4,2015-09-20,12:37
2015092010,BAL@OAK,0.0,4,2015-09-20,12:45
2015092002,SD@CIN,0.0,4,2015-09-20,12:47
2015092006,ARI@CHI,0.0,4,2015-09-20,14:26
2015092000,HOU@CAR,0.0,4,2015-09-20,14:56
2015092011,MIA@JAC,2.0,4,2015-09-20,02:00
2015092007,DET@MIN,2.0,4,2015-09-20,12:34
2015092012,DAL@PHI,5.0,4,2015-09-20,05:05
2015092003,TEN@CLE,6.0,4,2015-09-20,15:00
2015092004,ATL@NYG,10.0,4,2015-09-20,03:23
2015092005,STL@WAS,10.0,4,2015-09-20,09:38
2015092000,HOU@CAR,10.0,4,2015-09-20,11:58
2015092000,HOU@CAR,15.0,4,2015-09-20,10:04
2015092002,SD@CIN,17.0,4,2015-09-20,11:07
2015092011,MIA@JAC,24.0,4,2015-09-20,09:39
2015092004,ATL@NYG,29.0,4,2015-09-20,04:38
2015092100,NYJ@IND,0.0,1,2015-09-21,01:42
2015092100,NYJ@IND,0.0,1,2015-09-21,03:06
2015092100,NYJ@IND,0.0,1,2015-09-21,11:39
2015092100,NYJ@IND,0.0,2,2015-09-21,07:11
2015092100,NYJ@IND,0.0,2,2015-09-21,12:06
2015092100,NYJ@IND,0.0,2,2015-09-21,13:44
2015092100,NYJ@IND,0.0,3,2015-09-21,03:50
2015092100,NYJ@IND,0.0,4,2015-09-21,14:12
2015092400,WAS@NYG,0.0,1,2015-09-24,04:37
2015092400,WAS@NYG,0.0,1,2015-09-24,09:10
2015092400,WAS@NYG,20.0,1,2015-09-24,13:07
2015092400,WAS@NYG,0.0,2,2015-09-24,00:19
2015092400,WAS@NYG,0.0,4,2015-09-24,07:31
2015092400,WAS@NYG,10.0,4,2015-09-24,01:56
2015092711,CHI@SEA,-1.0,1,2015-09-27,03:18
2015092709,IND@TEN,-1.0,1,2015-09-27,11:00
2015092711,CHI@SEA,0.0,1,2015-09-27,00:11
2015092702,PHI@NYJ,0.0,1,2015-09-27,00:34
2015092709,IND@TEN,0.0,1,2015-09-27,00:55
2015092709,IND@TEN,0.0,1,2015-09-27,02:35
2015092704,SD@MIN,0.0,1,2015-09-27,03:09
2015092703,TB@HOU,0.0,1,2015-09-27,03:10
2015092712,BUF@MIA,0.0,1,2015-09-27,03:24
2015092702,PHI@NYJ,0.0,1,2015-09-27,03:39
2015092705,PIT@STL,0.0,1,2015-09-27,04:11
2015092713,DEN@DET,0.0,1,2015-09-27,05:05
2015092704,SD@MIN,0.0,1,2015-09-27,05:55
2015092710,SF@ARI,0.0,1,2015-09-27,06:03
2015092701,NO@CAR,0.0,1,2015-09-27,06:04
2015092702,PHI@NYJ,0.0,1,2015-09-27,06:24
2015092706,JAC@NE,0.0,1,2015-09-27,07:27
2015092713,DEN@DET,0.0,1,2015-09-27,08:48
2015092703,TB@HOU,0.0,1,2015-09-27,09:03
2015092709,IND@TEN,0.0,1,2015-09-27,09:33
2015092712,BUF@MIA,0.0,1,2015-09-27,09:50
2015092711,CHI@SEA,0.0,1,2015-09-27,11:24
2015092713,DEN@DET,0.0,1,2015-09-27,11:55
2015092700,ATL@DAL,0.0,1,2015-09-27,11:55
2015092710,SF@ARI,0.0,1,2015-09-27,12:18
2015092702,PHI@NYJ,0.0,1,2015-09-27,12:32
2015092704,SD@MIN,0.0,1,2015-09-27,13:03
2015092709,IND@TEN,0.0,1,2015-09-27,13:45
2015092703,TB@HOU,4.0,1,2015-09-27,12:41
2015092708,OAK@CLE,5.0,1,2015-09-27,02:52
2015092708,OAK@CLE,6.0,1,2015-09-27,05:52
2015092712,BUF@MIA,7.0,1,2015-09-27,14:18
2015092713,DEN@DET,8.0,1,2015-09-27,12:54
2015092706,JAC@NE,9.0,1,2015-09-27,14:04
2015092711,CHI@SEA,10.0,1,2015-09-27,13:39
2015092704,SD@MIN,13.0,1,2015-09-27,11:00
2015092707,CIN@BAL,18.0,1,2015-09-27,12:49
2015092712,BUF@MIA,19.0,1,2015-09-27,02:00
2015092711,CHI@SEA,64.0,1,2015-09-27,07:03
2015092707,CIN@BAL,0.0,2,2015-09-27,00:41
2015092703,TB@HOU,0.0,2,2015-09-27,00:55
2015092701,NO@CAR,0.0,2,2015-09-27,02:14
2015092711,CHI@SEA,0.0,2,2015-09-27,02:44
2015092712,BUF@MIA,0.0,2,2015-09-27,03:06
2015092704,SD@MIN,0.0,2,2015-09-27,03:47
2015092710,SF@ARI,0.0,2,2015-09-27,05:02
2015092704,SD@MIN,0.0,2,2015-09-27,05:19
2015092711,CHI@SEA,0.0,2,2015-09-27,06:06
2015092712,BUF@MIA,0.0,2,2015-09-27,07:11
2015092702,PHI@NYJ,0.0,2,2015-09-27,08:24
2015092711,CHI@SEA,0.0,2,2015-09-27,08:37
2015092702,PHI@NYJ,0.0,2,2015-09-27,10:54
2015092713,DEN@DET,0.0,2,2015-09-27,11:29
2015092707,CIN@BAL,0.0,2,2015-09-27,14:15
2015092708,OAK@CLE,0.0,2,2015-09-27,14:20
2015092703,TB@HOU,0.0,2,2015-09-27,14:24
2015092704,SD@MIN,0.0,2,2015-09-27,14:53
2015092700,ATL@DAL,0.0,2,2015-09-27,15:00
2015092709,IND@TEN,2.0,2,2015-09-27,06:37
2015092703,TB@HOU,3.0,2,2015-09-27,06:02
2015092707,CIN@BAL,3.0,2,2015-09-27,07:44
2015092700,ATL@DAL,4.0,2,2015-09-27,06:15
2015092710,SF@ARI,4.0,2,2015-09-27,12:03
2015092708,OAK@CLE,4.0,2,2015-09-27,13:25
2015092703,TB@HOU,7.0,2,2015-09-27,05:00
2015092700,ATL@DAL,8.0,2,2015-09-27,12:44
2015092702,PHI@NYJ,9.0,2,2015-09-27,10:03
2015092708,OAK@CLE,9.0,2,2015-09-27,12:23
2015092708,OAK@CLE,14.0,2,2015-09-27,09:38
2015092702,PHI@NYJ,15.0,2,2015-09-27,13:50
2015092710,SF@ARI,37.0,2,2015-09-27,03:21
2015092702,PHI@NYJ,89.0,2,2015-09-27,12:32
2015092708,OAK@CLE,-9.0,3,2015-09-27,13:41
2015092709,IND@TEN,-2.0,3,2015-09-27,02:22
2015092710,SF@ARI,0.0,3,2015-09-27,00:42
2015092713,DEN@DET,0.0,3,2015-09-27,01:12
2015092705,PIT@STL,0.0,3,2015-09-27,01:14
2015092712,BUF@MIA,0.0,3,2015-09-27,02:10
2015092711,CHI@SEA,0.0,3,2015-09-27,02:35
2015092700,ATL@DAL,0.0,3,2015-09-27,03:10
2015092703,TB@HOU,0.0,3,2015-09-27,03:34
2015092713,DEN@DET,0.0,3,2015-09-27,04:08
2015092702,PHI@NYJ,0.0,3,2015-09-27,04:30
2015092710,SF@ARI,0.0,3,2015-09-27,04:35
2015092713,DEN@DET,0.0,3,2015-09-27,07:48
2015092711,CHI@SEA,0.0,3,2015-09-27,08:32
2015092711,CHI@SEA,0.0,3,2015-09-27,10:23
2015092700,ATL@DAL,0.0,3,2015-09-27,10:28
2015092705,PIT@STL,0.0,3,2015-09-27,10:45
2015092702,PHI@NYJ,0.0,3,2015-09-27,11:06
2015092711,CHI@SEA,0.0,3,2015-09-27,13:00
2015092702,PHI@NYJ,0.0,3,2015-09-27,13:02
2015092709,IND@TEN,0.0,3,2015-09-27,13:40
2015092701,NO@CAR,3.0,3,2015-09-27,13:02
2015092702,PHI@NYJ,4.0,3,2015-09-27,02:55
2015092704,SD@MIN,5.0,3,2015-09-27,10:10
2015092702,PHI@NYJ,8.0,3,2015-09-27,06:03
2015092706,JAC@NE,8.0,3,2015-09-27,10:02
2015092710,SF@ARI,10.0,3,2015-09-27,09:09
2015092705,PIT@STL,12.0,3,2015-09-27,04:41
2015092700,ATL@DAL,12.0,3,2015-09-27,12:46
2015092703,TB@HOU,13.0,3,2015-09-27,09:28
2015092702,PHI@NYJ,19.0,3,2015-09-27,10:24
2015092704,SD@MIN,20.0,3,2015-09-27,12:57
2015092707,CIN@BAL,21.0,3,2015-09-27,04:37
2015092703,TB@HOU,23.0,3,2015-09-27,04:40
2015092701,NO@CAR,74.0,3,2015-09-27,12:52
2015092701,NO@CAR,0.0,4,2015-09-27,00:14
2015092710,SF@ARI,0.0,4,2015-09-27,02:06
2015092708,OAK@CLE,0.0,4,2015-09-27,02:36
2015092705,PIT@STL,0.0,4,2015-09-27,03:09
2015092708,OAK@CLE,0.0,4,2015-09-27,04:09
2015092711,CHI@SEA,0.0,4,2015-09-27,04:29
2015092709,IND@TEN,0.0,4,2015-09-27,05:37
2015092704,SD@MIN,0.0,4,2015-09-27,08:46
2015092712,BUF@MIA,0.0,4,2015-09-27,08:57
2015092700,ATL@DAL,0.0,4,2015-09-27,09:26
2015092705,PIT@STL,0.0,4,2015-09-27,11:37
2015092709,IND@TEN,0.0,4,2015-09-27,12:29
2015092711,CHI@SEA,0.0,4,2015-09-27,12:36
2015092710,SF@ARI,0.0,4,2015-09-27,13:06
2015092701,NO@CAR,0.0,4,2015-09-27,13:45
2015092707,CIN@BAL,4.0,4,2015-09-27,09:16
2015092713,DEN@DET,5.0,4,2015-09-27,14:04
2015092703,TB@HOU,5.0,4,2015-09-27,15:00
2015092702,PHI@NYJ,6.0,4,2015-09-27,03:12
2015092701,NO@CAR,8.0,4,2015-09-27,04:00
2015092702,PHI@NYJ,8.0,4,2015-09-27,04:55
2015092703,TB@HOU,8.0,4,2015-09-27,08:16
2015092706,JAC@NE,9.0,4,2015-09-27,13:27
2015092705,PIT@STL,12.0,4,2015-09-27,13:48
2015092707,CIN@BAL,14.0,4,2015-09-27,10:06
2015092705,PIT@STL,20.0,4,2015-09-27,09:58
2015092713,DEN@DET,28.0,4,2015-09-27,11:47
2015092800,KC@GB,0.0,1,2015-09-28,08:16
2015092800,KC@GB,0.0,1,2015-09-28,14:01
2015092800,KC@GB,7.0,1,2015-09-28,12:30
2015092800,KC@GB,13.0,1,2015-09-28,01:00
2015092800,KC@GB,10.0,2,2015-09-28,04:09
2015092800,KC@GB,0.0,3,2015-09-28,10:23
2015092800,KC@GB,0.0,3,2015-09-28,12:45
2015092800,KC@GB,0.0,3,2015-09-28,13:38
2015092800,KC@GB,2.0,3,2015-09-28,08:10
2015092800,KC@GB,0.0,4,2015-09-28,05:57
2015092800,KC@GB,16.0,4,2015-09-28,00:29
2015100100,BAL@PIT,0.0,1,2015-10-01,13:42
2015100100,BAL@PIT,13.0,1,2015-10-01,12:51
2015100100,BAL@PIT,0.0,2,2015-10-01,04:54
2015100100,BAL@PIT,0.0,2,2015-10-01,06:57
2015100100,BAL@PIT,0.0,2,2015-10-01,13:31
2015100100,BAL@PIT,9.0,2,2015-10-01,00:52
2015100100,BAL@PIT,0.0,3,2015-10-01,02:20
2015100100,BAL@PIT,14.0,3,2015-10-01,05:56
2015100100,BAL@PIT,0.0,4,2015-10-01,07:43
2015100100,BAL@PIT,29.0,5,2015-10-01,12:09
2015100405,PHI@WAS,-6.0,1,2015-10-04,06:17
2015100404,JAC@IND,0.0,1,2015-10-04,00:23
2015100409,GB@SF,0.0,1,2015-10-04,00:39
2015100411,MIN@DEN,0.0,1,2015-10-04,00:53
2015100410,STL@ARI,0.0,1,2015-10-04,02:22
2015100409,GB@SF,0.0,1,2015-10-04,02:50
2015100406,CAR@TB,0.0,1,2015-10-04,02:57
2015100407,NYG@BUF,0.0,1,2015-10-04,06:05
2015100402,HOU@ATL,0.0,1,2015-10-04,06:08
2015100409,GB@SF,0.0,1,2015-10-04,06:51
2015100407,NYG@BUF,0.0,1,2015-10-04,08:29
2015100400,NYJ@MIA,0.0,1,2015-10-04,09:21
2015100401,OAK@CHI,0.0,1,2015-10-04,10:11
2015100410,STL@ARI,0.0,1,2015-10-04,10:13
2015100404,JAC@IND,0.0,1,2015-10-04,10:34
2015100408,CLE@SD,0.0,1,2015-10-04,10:45
2015100411,MIN@DEN,0.0,1,2015-10-04,11:30
2015100407,NYG@BUF,0.0,1,2015-10-04,13:40
2015100412,DAL@NO,0.0,1,2015-10-04,14:07
2015100408,CLE@SD,0.0,1,2015-10-04,14:20
2015100404,JAC@IND,0.0,1,2015-10-04,14:23
2015100401,OAK@CHI,2.0,1,2015-10-04,03:43
2015100400,NYJ@MIA,4.0,1,2015-10-04,02:59
2015100401,OAK@CHI,4.0,1,2015-10-04,06:31
2015100409,GB@SF,6.0,1,2015-10-04,02:43
2015100407,NYG@BUF,7.0,1,2015-10-04,01:22
2015100402,HOU@ATL,7.0,1,2015-10-04,14:10
2015100410,STL@ARI,9.0,1,2015-10-04,08:44
2015100408,CLE@SD,10.0,1,2015-10-04,13:58
2015100400,NYJ@MIA,14.0,1,2015-10-04,00:25
2015100400,NYJ@MIA,15.0,1,2015-10-04,12:26
2015100407,NYG@BUF,0.0,2,2015-10-04,00:24
2015100412,DAL@NO,0.0,2,2015-10-04,00:26
2015100401,OAK@CHI,0.0,2,2015-10-04,00:31
2015100412,DAL@NO,0.0,2,2015-10-04,00:53
2015100412,DAL@NO,0.0,2,2015-10-04,02:00
2015100402,HOU@ATL,0.0,2,2015-10-04,02:00
2015100407,NYG@BUF,0.0,2,2015-10-04,02:35
2015100400,NYJ@MIA,0.0,2,2015-10-04,04:47
2015100408,CLE@SD,0.0,2,2015-10-04,04:48
2015100408,CLE@SD,0.0,2,2015-10-04,06:03
2015100407,NYG@BUF,0.0,2,2015-10-04,06:24
2015100412,DAL@NO,0.0,2,2015-10-04,07:38
2015100402,HOU@ATL,0.0,2,2015-10-04,09:42
2015100411,MIN@DEN,0.0,2,2015-10-04,09:53
2015100403,KC@CIN,0.0,2,2015-10-04,10:55
2015100409,GB@SF,0.0,2,2015-10-04,10:59
2015100405,PHI@WAS,0.0,2,2015-10-04,11:00
2015100409,GB@SF,0.0,2,2015-10-04,12:27
2015100402,HOU@ATL,0.0,2,2015-10-04,12:49
2015100405,PHI@WAS,0.0,2,2015-10-04,13:19
2015100400,NYJ@MIA,0.0,2,2015-10-04,13:42
2015100404,JAC@IND,0.0,2,2015-10-04,13:55
2015100411,MIN@DEN,0.0,2,2015-10-04,14:17
2015100409,GB@SF,0.0,2,2015-10-04,14:25
2015100406,CAR@TB,0.0,2,2015-10-04,14:31
2015100407,NYG@BUF,0.0,2,2015-10-04,14:52
2015100405,PHI@WAS,0.0,2,2015-10-04,14:53
2015100406,CAR@TB,0.0,2,2015-10-04,15:00
2015100410,STL@ARI,2.0,2,2015-10-04,00:48
2015100407,NYG@BUF,3.0,2,2015-10-04,01:58
2015100407,NYG@BUF,3.0,2,2015-10-04,09:07
2015100408,CLE@SD,5.0,2,2015-10-04,03:46
2015100410,STL@ARI,9.0,2,2015-10-04,09:07
2015100400,NYJ@MIA,11.0,2,2015-10-04,03:10
2015100402,HOU@ATL,11.0,2,2015-10-04,13:46
2015100400,NYJ@MIA,12.0,2,2015-10-04,00:17
2015100406,CAR@TB,15.0,2,2015-10-04,01:55
2015100401,OAK@CHI,22.0,2,2015-10-04,15:00
2015100405,PHI@WAS,45.0,2,2015-10-04,02:30
2015100400,NYJ@MIA,0.0,3,2015-10-04,00:52
2015100403,KC@CIN,0.0,3,2015-10-04,02:07
2015100401,OAK@CHI,0.0,3,2015-10-04,03:10
2015100408,CLE@SD,0.0,3,2015-10-04,03:34
2015100404,JAC@IND,0.0,3,2015-10-04,04:09
2015100411,MIN@DEN,0.0,3,2015-10-04,05:30
2015100409,GB@SF,0.0,3,2015-10-04,05:32
2015100407,NYG@BUF,0.0,3,2015-10-04,08:26
2015100405,PHI@WAS,0.0,3,2015-10-04,10:01
2015100410,STL@ARI,0.0,3,2015-10-04,10:42
2015100408,CLE@SD,0.0,3,2015-10-04,11:26
2015100412,DAL@NO,0.0,3,2015-10-04,11:29
2015100407,NYG@BUF,0.0,3,2015-10-04,12:38
2015100404,JAC@IND,1.0,3,2015-10-04,01:58
2015100411,MIN@DEN,2.0,3,2015-10-04,09:16
2015100404,JAC@IND,6.0,3,2015-10-04,09:30
2015100411,MIN@DEN,7.0,3,2015-10-04,07:29
2015100401,OAK@CHI,7.0,3,2015-10-04,08:06
2015100405,PHI@WAS,8.0,3,2015-10-04,03:09
2015100407,NYG@BUF,9.0,3,2015-10-04,00:32
2015100409,GB@SF,9.0,3,2015-10-04,11:51
2015100404,JAC@IND,10.0,3,2015-10-04,01:45
2015100403,KC@CIN,10.0,3,2015-10-04,12:03
2015100407,NYG@BUF,15.0,3,2015-10-04,11:14
2015100401,OAK@CHI,15.0,3,2015-10-04,13:41
2015100402,HOU@ATL,18.0,3,2015-10-04,09:25
2015100412,DAL@NO,20.0,3,2015-10-04,12:56
2015100408,CLE@SD,31.0,3,2015-10-04,00:03
2015100409,GB@SF,0.0,4,2015-10-04,00:19
2015100404,JAC@IND,0.0,4,2015-10-04,00:56
2015100403,KC@CIN,0.0,4,2015-10-04,01:13
2015100404,JAC@IND,0.0,4,2015-10-04,01:56
2015100400,NYJ@MIA,0.0,4,2015-10-04,03:15
2015100412,DAL@NO,0.0,4,2015-10-04,04:12
2015100404,JAC@IND,0.0,4,2015-10-04,05:24
2015100405,PHI@WAS,0.0,4,2015-10-04,06:15
2015100405,PHI@WAS,0.0,4,2015-10-04,07:41
2015100406,CAR@TB,0.0,4,2015-10-04,08:24
2015100405,PHI@WAS,0.0,4,2015-10-04,08:42
2015100409,GB@SF,0.0,4,2015-10-04,09:31
2015100404,JAC@IND,0.0,4,2015-10-04,11:16
2015100405,PHI@WAS,0.0,4,2015-10-04,11:39
2015100402,HOU@ATL,0.0,4,2015-10-04,12:09
2015100410,STL@ARI,0.0,4,2015-10-04,15:00
2015100411,MIN@DEN,0.0,4,2015-10-04,15:00
2015100404,JAC@IND,3.0,4,2015-10-04,04:06
2015100406,CAR@TB,5.0,4,2015-10-04,12:39
2015100409,GB@SF,5.0,4,2015-10-04,13:22
2015100412,DAL@NO,6.0,4,2015-10-04,05:59
2015100409,GB@SF,6.0,4,2015-10-04,06:09
2015100407,NYG@BUF,8.0,4,2015-10-04,10:47
2015100412,DAL@NO,8.0,4,2015-10-04,12:54
2015100410,STL@ARI,12.0,4,2015-10-04,03:03
2015100402,HOU@ATL,16.0,4,2015-10-04,04:43
2015100402,HOU@ATL,17.0,4,2015-10-04,02:00
2015100400,NYJ@MIA,25.0,4,2015-10-04,08:13
2015100400,NYJ@MIA,28.0,4,2015-10-04,11:11
2015100404,JAC@IND,0.0,5,2015-10-04,13:36
2015100404,JAC@IND,14.0,5,2015-10-04,12:25
2015100500,DET@SEA,0.0,1,2015-10-05,10:54
2015100500,DET@SEA,5.0,1,2015-10-05,04:04
2015100500,DET@SEA,8.0,1,2015-10-05,06:49
2015100500,DET@SEA,9.0,1,2015-10-05,01:23
2015100500,DET@SEA,10.0,2,2015-10-05,00:18
2015100500,DET@SEA,13.0,2,2015-10-05,14:06
2015100500,DET@SEA,0.0,3,2015-10-05,02:33
2015100500,DET@SEA,0.0,3,2015-10-05,08:20
2015100500,DET@SEA,0.0,3,2015-10-05,09:44
2015100500,DET@SEA,14.0,3,2015-10-05,00:38
2015100500,DET@SEA,0.0,4,2015-10-05,11:06
2015100500,DET@SEA,12.0,4,2015-10-05,06:37
2015100800,IND@HOU,3.0,1,2015-10-08,03:33
2015100800,IND@HOU,0.0,2,2015-10-08,13:48
2015100800,IND@HOU,36.0,2,2015-10-08,01:32
2015100800,IND@HOU,0.0,3,2015-10-08,09:18
2015100800,IND@HOU,13.0,3,2015-10-08,10:58
2015100800,IND@HOU,11.0,4,2015-10-08,03:38
2015101102,SEA@CIN,0.0,1,2015-10-11,01:54
2015101104,JAC@TB,0.0,1,2015-10-11,04:40
2015101108,ARI@DET,0.0,1,2015-10-11,06:17
2015101107,STL@GB,0.0,1,2015-10-11,06:48
2015101103,WAS@ATL,0.0,1,2015-10-11,07:40
2015101106,BUF@TEN,0.0,1,2015-10-11,07:53
2015101104,JAC@TB,0.0,1,2015-10-11,08:40
2015101110,DEN@OAK,0.0,1,2015-10-11,09:45
2015101106,BUF@TEN,0.0,1,2015-10-11,09:55
2015101100,NO@PHI,0.0,1,2015-10-11,10:41
2015101106,BUF@TEN,0.0,1,2015-10-11,10:48
2015101110,DEN@OAK,0.0,1,2015-10-11,11:17
2015101108,ARI@DET,0.0,1,2015-10-11,12:44
2015101109,NE@DAL,0.0,1,2015-10-11,12:49
2015101103,WAS@ATL,0.0,1,2015-10-11,12:54
2015101105,CLE@BAL,0.0,1,2015-10-11,13:32
2015101106,BUF@TEN,2.0,1,2015-10-11,06:58
2015101111,SF@NYG,9.0,1,2015-10-11,03:16
2015101105,CLE@BAL,9.0,1,2015-10-11,11:56
2015101107,STL@GB,9.0,1,2015-10-11,14:07
2015101103,WAS@ATL,10.0,1,2015-10-11,04:11
2015101101,CHI@KC,10.0,1,2015-10-11,10:41
2015101102,SEA@CIN,12.0,1,2015-10-11,04:05
2015101109,NE@DAL,12.0,1,2015-10-11,14:08
2015101101,CHI@KC,18.0,1,2015-10-11,09:05
2015101109,NE@DAL,25.0,1,2015-10-11,10:38
2015101109,NE@DAL,-2.0,2,2015-10-11,08:49
2015101109,NE@DAL,0.0,2,2015-10-11,00:59
2015101106,BUF@TEN,0.0,2,2015-10-11,01:00
2015101109,NE@DAL,0.0,2,2015-10-11,01:18
2015101100,NO@PHI,0.0,2,2015-10-11,02:46
2015101106,BUF@TEN,0.0,2,2015-10-11,03:01
2015101101,CHI@KC,0.0,2,2015-10-11,03:19
2015101101,CHI@KC,0.0,2,2015-10-11,04:13
2015101108,ARI@DET,0.0,2,2015-10-11,05:47
2015101110,DEN@OAK,0.0,2,2015-10-11,06:19
2015101105,CLE@BAL,0.0,2,2015-10-11,06:54
2015101106,BUF@TEN,0.0,2,2015-10-11,07:57
2015101105,CLE@BAL,0.0,2,2015-10-11,09:13
2015101100,NO@PHI,0.0,2,2015-10-11,10:25
2015101107,STL@GB,0.0,2,2015-10-11,12:32
2015101109,NE@DAL,0.0,2,2015-10-11,12:43
2015101102,SEA@CIN,0.0,2,2015-10-11,12:49
2015101105,CLE@BAL,0.0,2,2015-10-11,12:54
2015101100,NO@PHI,0.0,2,2015-10-11,13:41
2015101107,STL@GB,0.0,2,2015-10-11,14:24
2015101101,CHI@KC,0.0,2,2015-10-11,14:57
2015101101,CHI@KC,3.0,2,2015-10-11,13:35
2015101110,DEN@OAK,4.0,2,2015-10-11,03:36
2015101101,CHI@KC,4.0,2,2015-10-11,08:15
2015101109,NE@DAL,6.0,2,2015-10-11,02:11
2015101103,WAS@ATL,8.0,2,2015-10-11,01:51
2015101111,SF@NYG,8.0,2,2015-10-11,08:17
2015101109,NE@DAL,8.0,2,2015-10-11,14:17
2015101100,NO@PHI,9.0,2,2015-10-11,01:44
2015101109,NE@DAL,9.0,2,2015-10-11,06:08
2015101108,ARI@DET,10.0,2,2015-10-11,00:48
2015101102,SEA@CIN,10.0,2,2015-10-11,08:14
2015101106,BUF@TEN,14.0,2,2015-10-11,12:31
2015101105,CLE@BAL,17.0,2,2015-10-11,14:31
2015101106,BUF@TEN,26.0,2,2015-10-11,04:37
2015101104,JAC@TB,58.0,2,2015-10-11,09:22
2015101102,SEA@CIN,-4.0,3,2015-10-11,00:25
2015101107,STL@GB,-2.0,3,2015-10-11,08:36
2015101108,ARI@DET,0.0,3,2015-10-11,01:03
2015101100,NO@PHI,0.0,3,2015-10-11,04:05
2015101110,DEN@OAK,0.0,3,2015-10-11,04:14
2015101102,SEA@CIN,0.0,3,2015-10-11,05:33
2015101102,SEA@CIN,0.0,3,2015-10-11,08:59
2015101110,DEN@OAK,0.0,3,2015-10-11,09:57
2015101107,STL@GB,0.0,3,2015-10-11,10:32
2015101105,CLE@BAL,0.0,3,2015-10-11,12:21
2015101111,SF@NYG,0.0,3,2015-10-11,13:03
2015101110,DEN@OAK,0.0,3,2015-10-11,13:35
2015101108,ARI@DET,2.0,3,2015-10-11,13:10
2015101101,CHI@KC,5.0,3,2015-10-11,01:16
2015101103,WAS@ATL,6.0,3,2015-10-11,00:59
2015101104,JAC@TB,8.0,3,2015-10-11,06:30
2015101111,SF@NYG,14.0,3,2015-10-11,04:42
2015101102,SEA@CIN,15.0,3,2015-10-11,02:14
2015101106,BUF@TEN,15.0,3,2015-10-11,12:11
2015101111,SF@NYG,16.0,3,2015-10-11,06:04
2015101105,CLE@BAL,-3.0,4,2015-10-11,14:18
2015101110,DEN@OAK,0.0,4,2015-10-11,02:00
2015101101,CHI@KC,0.0,4,2015-10-11,02:11
2015101102,SEA@CIN,0.0,4,2015-10-11,02:30
2015101104,JAC@TB,0.0,4,2015-10-11,02:59
2015101108,ARI@DET,0.0,4,2015-10-11,05:32
2015101108,ARI@DET,0.0,4,2015-10-11,07:53
2015101101,CHI@KC,0.0,4,2015-10-11,07:58
2015101105,CLE@BAL,0.0,4,2015-10-11,11:01
2015101110,DEN@OAK,0.0,4,2015-10-11,11:09
2015101107,STL@GB,0.0,4,2015-10-11,11:38
2015101101,CHI@KC,0.0,4,2015-10-11,13:13
2015101100,NO@PHI,0.0,4,2015-10-11,14:15
2015101108,ARI@DET,6.0,4,2015-10-11,07:04
2015101107,STL@GB,6.0,4,2015-10-11,07:42
2015101106,BUF@TEN,9.0,4,2015-10-11,01:51
2015101108,ARI@DET,10.0,4,2015-10-11,14:12
2015101104,JAC@TB,11.0,4,2015-10-11,07:33
2015101106,BUF@TEN,13.0,4,2015-10-11,03:01
2015101101,CHI@KC,13.0,4,2015-10-11,11:36
2015101105,CLE@BAL,17.0,4,2015-10-11,09:00
2015101102,SEA@CIN,17.0,4,2015-10-11,09:39
2015101104,JAC@TB,25.0,4,2015-10-11,13:41
2015101102,SEA@CIN,35.0,4,2015-10-11,14:12
2015101102,SEA@CIN,0.0,5,2015-10-11,09:11
2015101102,SEA@CIN,0.0,5,2015-10-11,11:37
2015101105,CLE@BAL,5.0,5,2015-10-11,14:06
2015101102,SEA@CIN,19.0,5,2015-10-11,07:14
2015101200,PIT@SD,0.0,1,2015-10-12,00:13
2015101200,PIT@SD,0.0,1,2015-10-12,06:39
2015101200,PIT@SD,0.0,1,2015-10-12,12:16
2015101200,PIT@SD,3.0,1,2015-10-12,03:59
2015101200,PIT@SD,0.0,2,2015-10-12,01:33
2015101200,PIT@SD,0.0,2,2015-10-12,12:01
2015101200,PIT@SD,6.0,2,2015-10-12,02:47
2015101200,PIT@SD,6.0,2,2015-10-12,13:36
2015101200,PIT@SD,10.0,2,2015-10-12,10:16
2015101200,PIT@SD,0.0,3,2015-10-12,07:12
2015101200,PIT@SD,0.0,3,2015-10-12,11:06
2015101200,PIT@SD,2.0,3,2015-10-12,09:00
2015101200,PIT@SD,5.0,4,2015-10-12,14:06
2015101500,ATL@NO,0.0,1,2015-10-15,04:30
2015101500,ATL@NO,10.0,2,2015-10-15,10:27
2015101500,ATL@NO,11.0,2,2015-10-15,05:42
2015101500,ATL@NO,0.0,3,2015-10-15,12:22
2015101500,ATL@NO,6.0,3,2015-10-15,06:52
2015101500,ATL@NO,0.0,4,2015-10-15,00:31
2015101500,ATL@NO,6.0,4,2015-10-15,06:31
2015101801,WAS@NYJ,0.0,1,2015-10-18,00:38
2015101803,KC@MIN,0.0,1,2015-10-18,01:14
2015101802,ARI@PIT,0.0,1,2015-10-18,03:47
2015101810,BAL@SF,0.0,1,2015-10-18,05:36
2015101804,CIN@BUF,0.0,1,2015-10-18,07:51
2015101808,CAR@SEA,0.0,1,2015-10-18,09:09
2015101807,HOU@JAC,0.0,1,2015-10-18,10:09
2015101810,BAL@SF,0.0,1,2015-10-18,11:09
2015101802,ARI@PIT,0.0,1,2015-10-18,11:21
2015101801,WAS@NYJ,0.0,1,2015-10-18,13:29
2015101807,HOU@JAC,0.0,1,2015-10-18,13:30
2015101808,CAR@SEA,0.0,1,2015-10-18,14:15
2015101809,SD@GB,2.0,1,2015-10-18,12:34
2015101800,CHI@DET,4.0,1,2015-10-18,02:53
2015101802,ARI@PIT,6.0,1,2015-10-18,05:27
2015101804,CIN@BUF,6.0,1,2015-10-18,06:22
2015101803,KC@MIN,6.0,1,2015-10-18,09:51
2015101802,ARI@PIT,8.0,1,2015-10-18,12:47
2015101808,CAR@SEA,10.0,1,2015-10-18,12:07
2015101811,NE@IND,36.0,1,2015-10-18,01:59
2015101802,ARI@PIT,0.0,2,2015-10-18,00:21
2015101808,CAR@SEA,0.0,2,2015-10-18,00:37
2015101810,BAL@SF,0.0,2,2015-10-18,00:48
2015101803,KC@MIN,0.0,2,2015-10-18,01:03
2015101806,MIA@TEN,0.0,2,2015-10-18,01:51
2015101803,KC@MIN,0.0,2,2015-10-18,02:18
2015101803,KC@MIN,0.0,2,2015-10-18,02:43
2015101808,CAR@SEA,0.0,2,2015-10-18,02:49
2015101807,HOU@JAC,0.0,2,2015-10-18,03:04
2015101805,DEN@CLE,0.0,2,2015-10-18,03:29
2015101809,SD@GB,0.0,2,2015-10-18,04:54
2015101808,CAR@SEA,0.0,2,2015-10-18,05:13
2015101801,WAS@NYJ,0.0,2,2015-10-18,05:20
2015101805,DEN@CLE,0.0,2,2015-10-18,07:11
2015101801,WAS@NYJ,0.0,2,2015-10-18,08:48
2015101805,DEN@CLE,0.0,2,2015-10-18,09:12
2015101805,DEN@CLE,0.0,2,2015-10-18,09:19
2015101811,NE@IND,0.0,2,2015-10-18,11:48
2015101804,CIN@BUF,0.0,2,2015-10-18,12:36
2015101802,ARI@PIT,0.0,2,2015-10-18,14:12
2015101804,CIN@BUF,0.0,2,2015-10-18,14:16
2015101805,DEN@CLE,4.0,2,2015-10-18,08:11
2015101807,HOU@JAC,7.0,2,2015-10-18,01:52
2015101801,WAS@NYJ,7.0,2,2015-10-18,10:17
2015101803,KC@MIN,8.0,2,2015-10-18,11:03
2015101810,BAL@SF,9.0,2,2015-10-18,01:59
2015101805,DEN@CLE,10.0,2,2015-10-18,05:46
2015101803,KC@MIN,14.0,2,2015-10-18,14:13
2015101802,ARI@PIT,17.0,2,2015-10-18,12:09
2015101804,CIN@BUF,18.0,2,2015-10-18,08:58
2015101809,SD@GB,-5.0,3,2015-10-18,08:24
2015101809,SD@GB,-2.0,3,2015-10-18,13:44
2015101810,BAL@SF,0.0,3,2015-10-18,02:12
2015101806,MIA@TEN,0.0,3,2015-10-18,02:23
2015101811,NE@IND,0.0,3,2015-10-18,05:11
2015101802,ARI@PIT,0.0,3,2015-10-18,06:07
2015101802,ARI@PIT,0.0,3,2015-10-18,06:20
2015101807,HOU@JAC,0.0,3,2015-10-18,06:25
2015101800,CHI@DET,0.0,3,2015-10-18,06:53
2015101805,DEN@CLE,0.0,3,2015-10-18,08:02
2015101811,NE@IND,0.0,3,2015-10-18,08:54
2015101806,MIA@TEN,0.0,3,2015-10-18,08:58
2015101805,DEN@CLE,0.0,3,2015-10-18,09:21
2015101807,HOU@JAC,0.0,3,2015-10-18,09:26
2015101811,NE@IND,0.0,3,2015-10-18,10:31
2015101803,KC@MIN,0.0,3,2015-10-18,11:25
2015101806,MIA@TEN,0.0,3,2015-10-18,11:44
2015101804,CIN@BUF,5.0,3,2015-10-18,01:00
2015101801,WAS@NYJ,5.0,3,2015-10-18,09:00
2015101811,NE@IND,8.0,3,2015-10-18,04:08
2015101804,CIN@BUF,8.0,3,2015-10-18,06:34
2015101800,CHI@DET,8.0,3,2015-10-18,09:43
2015101803,KC@MIN,10.0,3,2015-10-18,01:50
2015101808,CAR@SEA,10.0,3,2015-10-18,13:35
2015101805,DEN@CLE,11.0,3,2015-10-18,01:48
2015101808,CAR@SEA,11.0,3,2015-10-18,02:46
2015101807,HOU@JAC,11.0,3,2015-10-18,13:24
2015101808,CAR@SEA,13.0,3,2015-10-18,01:08
2015101809,SD@GB,16.0,3,2015-10-18,03:45
2015101805,DEN@CLE,20.0,3,2015-10-18,05:46
2015101806,MIA@TEN,51.0,3,2015-10-18,04:03
2015101805,DEN@CLE,0.0,4,2015-10-18,00:11
2015101805,DEN@CLE,0.0,4,2015-10-18,01:13
2015101810,BAL@SF,0.0,4,2015-10-18,01:15
2015101808,CAR@SEA,0.0,4,2015-10-18,02:29
2015101800,CHI@DET,0.0,4,2015-10-18,02:31
2015101803,KC@MIN,0.0,4,2015-10-18,02:51
2015101801,WAS@NYJ,0.0,4,2015-10-18,03:00
2015101804,CIN@BUF,0.0,4,2015-10-18,03:12
2015101807,HOU@JAC,0.0,4,2015-10-18,03:37
2015101805,DEN@CLE,0.0,4,2015-10-18,04:58
2015101809,SD@GB,0.0,4,2015-10-18,06:22
2015101811,NE@IND,0.0,4,2015-10-18,06:45
2015101809,SD@GB,0.0,4,2015-10-18,09:07
2015101811,NE@IND,0.0,4,2015-10-18,09:34
2015101808,CAR@SEA,0.0,4,2015-10-18,10:13
2015101800,CHI@DET,0.0,4,2015-10-18,14:12
2015101811,NE@IND,5.0,4,2015-10-18,05:19
2015101808,CAR@SEA,7.0,4,2015-10-18,08:21
2015101805,DEN@CLE,8.0,4,2015-10-18,06:22
2015101811,NE@IND,11.0,4,2015-10-18,11:37
2015101807,HOU@JAC,14.0,4,2015-10-18,09:36
2015101806,MIA@TEN,14.0,4,2015-10-18,13:26
2015101811,NE@IND,16.0,4,2015-10-18,03:13
2015101801,WAS@NYJ,22.0,4,2015-10-18,13:55
2015101800,CHI@DET,0.0,5,2015-10-18,08:13
2015101800,CHI@DET,0.0,5,2015-10-18,10:09
2015101805,DEN@CLE,0.0,5,2015-10-18,11:58
2015101800,CHI@DET,15.0,5,2015-10-18,11:29
2015101800,CHI@DET,24.0,5,2015-10-18,06:37
2015101900,NYG@PHI,4.0,1,2015-10-19,09:48
2015101900,NYG@PHI,-3.0,2,2015-10-19,05:26
2015101900,NYG@PHI,-2.0,2,2015-10-19,07:44
2015101900,NYG@PHI,0.0,2,2015-10-19,01:26
2015101900,NYG@PHI,0.0,2,2015-10-19,02:20
2015101900,NYG@PHI,0.0,2,2015-10-19,04:21
2015101900,NYG@PHI,0.0,2,2015-10-19,13:54
2015101900,NYG@PHI,0.0,3,2015-10-19,05:19
2015101900,NYG@PHI,0.0,3,2015-10-19,09:49
2015101900,NYG@PHI,0.0,3,2015-10-19,10:54
2015101900,NYG@PHI,4.0,3,2015-10-19,04:16
2015101900,NYG@PHI,10.0,4,2015-10-19,03:40
2015101900,NYG@PHI,13.0,4,2015-10-19,13:47
2015102200,SEA@SF,0.0,1,2015-10-22,01:10
2015102200,SEA@SF,4.0,1,2015-10-22,13:47
2015102200,SEA@SF,10.0,1,2015-10-22,06:01
2015102200,SEA@SF,0.0,2,2015-10-22,01:49
2015102200,SEA@SF,0.0,2,2015-10-22,05:55
2015102200,SEA@SF,5.0,2,2015-10-22,13:07
2015102200,SEA@SF,0.0,3,2015-10-22,09:09
2015102200,SEA@SF,9.0,3,2015-10-22,11:12
2015102200,SEA@SF,0.0,4,2015-10-22,03:13
2015102200,SEA@SF,0.0,4,2015-10-22,03:53
2015102200,SEA@SF,0.0,4,2015-10-22,05:00
2015102200,SEA@SF,0.0,4,2015-10-22,07:14
2015102200,SEA@SF,2.0,4,2015-10-22,04:16
2015102502,HOU@MIA,-8.0,1,2015-10-25,02:17
2015102505,TB@WAS,-3.0,1,2015-10-25,03:45
2015102500,BUF@JAC,0.0,1,2015-10-25,02:21
2015102508,ATL@TEN,0.0,1,2015-10-25,02:50
2015102500,BUF@JAC,0.0,1,2015-10-25,03:59
2015102508,ATL@TEN,0.0,1,2015-10-25,04:33
2015102511,PHI@CAR,0.0,1,2015-10-25,05:04
2015102503,NYJ@NE,0.0,1,2015-10-25,05:11
2015102508,ATL@TEN,0.0,1,2015-10-25,05:15
2015102502,HOU@MIA,0.0,1,2015-10-25,07:04
2015102507,NO@IND,0.0,1,2015-10-25,07:22
2015102508,ATL@TEN,0.0,1,2015-10-25,07:25
2015102502,HOU@MIA,0.0,1,2015-10-25,08:03
2015102502,HOU@MIA,0.0,1,2015-10-25,09:38
2015102500,BUF@JAC,0.0,1,2015-10-25,10:14
2015102510,DAL@NYG,0.0,1,2015-10-25,10:51
2015102500,BUF@JAC,0.0,1,2015-10-25,11:32
2015102508,ATL@TEN,0.0,1,2015-10-25,11:39
2015102511,PHI@CAR,0.0,1,2015-10-25,12:08
2015102507,NO@IND,1.0,1,2015-10-25,06:14
2015102511,PHI@CAR,2.0,1,2015-10-25,00:48
2015102507,NO@IND,5.0,1,2015-10-25,11:31
2015102510,DAL@NYG,7.0,1,2015-10-25,03:24
2015102502,HOU@MIA,7.0,1,2015-10-25,05:20
2015102502,HOU@MIA,7.0,1,2015-10-25,14:04
2015102505,TB@WAS,9.0,1,2015-10-25,13:17
2015102507,NO@IND,11.0,1,2015-10-25,13:07
2015102505,TB@WAS,12.0,1,2015-10-25,09:44
2015102509,OAK@SD,12.0,1,2015-10-25,11:25
2015102504,PIT@KC,25.0,1,2015-10-25,13:08
2015102501,CLE@STL,25.0,1,2015-10-25,13:29
2015102510,DAL@NYG,0.0,2,2015-10-25,00:24
2015102501,CLE@STL,0.0,2,2015-10-25,01:05
2015102507,NO@IND,0.0,2,2015-10-25,01:08
2015102505,TB@WAS,0.0,2,2015-10-25,01:32
2015102511,PHI@CAR,0.0,2,2015-10-25,01:59
2015102510,DAL@NYG,0.0,2,2015-10-25,05:44
2015102507,NO@IND,0.0,2,2015-10-25,06:51
2015102502,HOU@MIA,0.0,2,2015-10-25,08:15
2015102511,PHI@CAR,0.0,2,2015-10-25,08:16
2015102501,CLE@STL,0.0,2,2015-10-25,09:15
2015102507,NO@IND,0.0,2,2015-10-25,09:25
2015102503,NYJ@NE,0.0,2,2015-10-25,10:02
2015102511,PHI@CAR,0.0,2,2015-10-25,10:20
2015102508,ATL@TEN,0.0,2,2015-10-25,11:39
2015102503,NYJ@NE,0.0,2,2015-10-25,11:42
2015102501,CLE@STL,0.0,2,2015-10-25,11:56
2015102510,DAL@NYG,0.0,2,2015-10-25,14:15
2015102502,HOU@MIA,2.0,2,2015-10-25,01:24
2015102509,OAK@SD,4.0,2,2015-10-25,01:53
2015102505,TB@WAS,4.0,2,2015-10-25,03:02
2015102501,CLE@STL,4.0,2,2015-10-25,08:07
2015102502,HOU@MIA,4.0,2,2015-10-25,12:26
2015102506,MIN@DET,7.0,2,2015-10-25,09:18
2015102506,MIN@DET,8.0,2,2015-10-25,01:25
2015102503,NYJ@NE,10.0,2,2015-10-25,00:24
2015102509,OAK@SD,11.0,2,2015-10-25,08:09
2015102501,CLE@STL,11.0,2,2015-10-25,09:48
2015102507,NO@IND,12.0,2,2015-10-25,12:08
2015102507,NO@IND,13.0,2,2015-10-25,01:58
2015102502,HOU@MIA,16.0,2,2015-10-25,01:16
2015102503,NYJ@NE,17.0,2,2015-10-25,05:00
2015102500,BUF@JAC,18.0,2,2015-10-25,01:52
2015102511,PHI@CAR,0.0,3,2015-10-25,01:39
2015102509,OAK@SD,0.0,3,2015-10-25,02:59
2015102508,ATL@TEN,0.0,3,2015-10-25,03:12
2015102507,NO@IND,0.0,3,2015-10-25,04:10
2015102501,CLE@STL,0.0,3,2015-10-25,04:23
2015102502,HOU@MIA,0.0,3,2015-10-25,05:48
2015102509,OAK@SD,0.0,3,2015-10-25,07:01
2015102506,MIN@DET,0.0,3,2015-10-25,08:22
2015102508,ATL@TEN,0.0,3,2015-10-25,10:35
2015102504,PIT@KC,0.0,3,2015-10-25,10:40
2015102504,PIT@KC,0.0,3,2015-10-25,11:41
2015102505,TB@WAS,0.0,3,2015-10-25,13:04
2015102508,ATL@TEN,0.0,3,2015-10-25,13:25
2015102504,PIT@KC,0.0,3,2015-10-25,13:56
2015102509,OAK@SD,5.0,3,2015-10-25,09:53
2015102503,NYJ@NE,6.0,3,2015-10-25,02:11
2015102507,NO@IND,6.0,3,2015-10-25,07:05
2015102502,HOU@MIA,7.0,3,2015-10-25,13:07
2015102506,MIN@DET,8.0,3,2015-10-25,04:17
2015102507,NO@IND,8.0,3,2015-10-25,06:53
2015102502,HOU@MIA,9.0,3,2015-10-25,10:38
2015102507,NO@IND,16.0,3,2015-10-25,01:38
2015102509,OAK@SD,18.0,3,2015-10-25,05:36
2015102507,NO@IND,19.0,3,2015-10-25,13:39
2015102510,DAL@NYG,0.0,4,2015-10-25,01:36
2015102511,PHI@CAR,0.0,4,2015-10-25,03:18
2015102509,OAK@SD,0.0,4,2015-10-25,03:22
2015102506,MIN@DET,0.0,4,2015-10-25,03:28
2015102501,CLE@STL,0.0,4,2015-10-25,03:34
2015102507,NO@IND,0.0,4,2015-10-25,04:07
2015102500,BUF@JAC,0.0,4,2015-10-25,07:22
2015102506,MIN@DET,0.0,4,2015-10-25,07:25
2015102500,BUF@JAC,0.0,4,2015-10-25,09:06
2015102507,NO@IND,0.0,4,2015-10-25,09:36
2015102506,MIN@DET,0.0,4,2015-10-25,10:22
2015102500,BUF@JAC,0.0,4,2015-10-25,11:07
2015102509,OAK@SD,0.0,4,2015-10-25,11:30
2015102510,DAL@NYG,0.0,4,2015-10-25,12:21
2015102507,NO@IND,0.0,4,2015-10-25,13:26
2015102501,CLE@STL,0.0,4,2015-10-25,13:26
2015102507,NO@IND,0.0,4,2015-10-25,13:40
2015102508,ATL@TEN,0.0,4,2015-10-25,14:05
2015102501,CLE@STL,0.0,4,2015-10-25,15:00
2015102504,PIT@KC,2.0,4,2015-10-25,14:26
2015102507,NO@IND,5.0,4,2015-10-25,05:14
2015102511,PHI@CAR,5.0,4,2015-10-25,07:06
2015102506,MIN@DET,9.0,4,2015-10-25,08:52
2015102507,NO@IND,10.0,4,2015-10-25,12:38
2015102508,ATL@TEN,11.0,4,2015-10-25,03:47
2015102503,NYJ@NE,11.0,4,2015-10-25,05:39
2015102508,ATL@TEN,12.0,4,2015-10-25,11:53
2015102502,HOU@MIA,14.0,4,2015-10-25,14:16
2015102507,NO@IND,22.0,4,2015-10-25,10:46
2015102500,BUF@JAC,32.0,4,2015-10-25,14:35
2015102600,BAL@ARI,0.0,2,2015-10-26,00:05
2015102600,BAL@ARI,0.0,2,2015-10-26,08:58
2015102600,BAL@ARI,0.0,2,2015-10-26,11:58
2015102600,BAL@ARI,8.0,3,2015-10-26,06:36
2015102600,BAL@ARI,11.0,3,2015-10-26,13:06
2015102600,BAL@ARI,0.0,4,2015-10-26,02:00
2015102600,BAL@ARI,0.0,4,2015-10-26,06:50
2015102600,BAL@ARI,0.0,4,2015-10-26,14:24
2015102900,MIA@NE,0.0,1,2015-10-29,04:55
2015102900,MIA@NE,-1.0,2,2015-10-29,12:49
2015102900,MIA@NE,0.0,2,2015-10-29,05:30
2015102900,MIA@NE,0.0,2,2015-10-29,15:00
2015102900,MIA@NE,4.0,2,2015-10-29,09:53
2015102900,MIA@NE,10.0,2,2015-10-29,12:03
2015102900,MIA@NE,11.0,2,2015-10-29,08:16
2015102900,MIA@NE,19.0,2,2015-10-29,01:53
2015102900,MIA@NE,0.0,3,2015-10-29,01:03
2015102900,MIA@NE,0.0,3,2015-10-29,02:32
2015102900,MIA@NE,0.0,4,2015-10-29,11:39
2015102900,MIA@NE,6.0,4,2015-10-29,01:24
2015110104,MIN@CHI,0.0,1,2015-11-01,01:00
2015110107,SF@STL,0.0,1,2015-11-01,02:48
2015110103,TEN@HOU,0.0,1,2015-11-01,02:58
2015110100,DET@KC,0.0,1,2015-11-01,03:21
2015110105,TB@ATL,0.0,1,2015-11-01,03:50
2015110106,NYG@NO,0.0,1,2015-11-01,05:40
2015110108,ARI@CLE,0.0,1,2015-11-01,05:41
2015110107,SF@STL,0.0,1,2015-11-01,07:52
2015110107,SF@STL,0.0,1,2015-11-01,09:15
2015110101,SD@BAL,0.0,1,2015-11-01,13:20
2015110104,MIN@CHI,0.0,1,2015-11-01,14:13
2015110111,GB@DEN,1.0,1,2015-11-01,09:43
2015110109,NYJ@OAK,2.0,1,2015-11-01,00:32
2015110107,SF@STL,2.0,1,2015-11-01,01:38
2015110104,MIN@CHI,3.0,1,2015-11-01,06:06
2015110103,TEN@HOU,4.0,1,2015-11-01,07:54
2015110100,DET@KC,5.0,1,2015-11-01,01:21
2015110111,GB@DEN,5.0,1,2015-11-01,01:55
2015110107,SF@STL,5.0,1,2015-11-01,05:45
2015110103,TEN@HOU,5.0,1,2015-11-01,14:03
2015110108,ARI@CLE,7.0,1,2015-11-01,02:04
2015110111,GB@DEN,9.0,1,2015-11-01,12:55
2015110103,TEN@HOU,10.0,1,2015-11-01,00:45
2015110103,TEN@HOU,10.0,1,2015-11-01,05:52
2015110106,NYG@NO,13.0,1,2015-11-01,13:50
2015110102,CIN@PIT,18.0,1,2015-11-01,01:51
2015110104,MIN@CHI,65.0,1,2015-11-01,03:53
2015110111,GB@DEN,0.0,2,2015-11-01,00:06
2015110110,SEA@DAL,0.0,2,2015-11-01,00:19
2015110103,TEN@HOU,0.0,2,2015-11-01,00:49
2015110102,CIN@PIT,0.0,2,2015-11-01,00:57
2015110104,MIN@CHI,0.0,2,2015-11-01,01:55
2015110102,CIN@PIT,0.0,2,2015-11-01,03:06
2015110103,TEN@HOU,0.0,2,2015-11-01,03:42
2015110104,MIN@CHI,0.0,2,2015-11-01,04:22
2015110103,TEN@HOU,0.0,2,2015-11-01,05:43
2015110104,MIN@CHI,0.0,2,2015-11-01,07:02
2015110110,SEA@DAL,0.0,2,2015-11-01,09:14
2015110107,SF@STL,0.0,2,2015-11-01,09:17
2015110102,CIN@PIT,0.0,2,2015-11-01,09:22
2015110107,SF@STL,0.0,2,2015-11-01,10:45
2015110110,SEA@DAL,0.0,2,2015-11-01,10:55
2015110111,GB@DEN,0.0,2,2015-11-01,12:07
2015110110,SEA@DAL,0.0,2,2015-11-01,12:39
2015110110,SEA@DAL,0.0,2,2015-11-01,14:54
2015110100,DET@KC,0.0,2,2015-11-01,15:00
2015110107,SF@STL,0.0,2,2015-11-01,15:00
2015110108,ARI@CLE,5.0,2,2015-11-01,00:36
2015110100,DET@KC,5.0,2,2015-11-01,01:04
2015110102,CIN@PIT,5.0,2,2015-11-01,07:53
2015110106,NYG@NO,6.0,2,2015-11-01,09:04
2015110103,TEN@HOU,8.0,2,2015-11-01,09:58
2015110107,SF@STL,9.0,2,2015-11-01,12:52
2015110108,ARI@CLE,12.0,2,2015-11-01,12:37
2015110109,NYJ@OAK,13.0,2,2015-11-01,08:03
2015110102,CIN@PIT,15.0,2,2015-11-01,11:18
2015110103,TEN@HOU,37.0,2,2015-11-01,02:05
2015110100,DET@KC,-6.0,3,2015-11-01,08:03
2015110107,SF@STL,-4.0,3,2015-11-01,06:26
2015110101,SD@BAL,-2.0,3,2015-11-01,03:28
2015110111,GB@DEN,0.0,3,2015-11-01,02:17
2015110110,SEA@DAL,0.0,3,2015-11-01,03:31
2015110100,DET@KC,0.0,3,2015-11-01,03:41
2015110108,ARI@CLE,0.0,3,2015-11-01,04:22
2015110106,NYG@NO,0.0,3,2015-11-01,04:26
2015110104,MIN@CHI,0.0,3,2015-11-01,05:34
2015110101,SD@BAL,0.0,3,2015-11-01,06:24
2015110107,SF@STL,0.0,3,2015-11-01,07:52
2015110102,CIN@PIT,0.0,3,2015-11-01,10:50
2015110103,TEN@HOU,0.0,3,2015-11-01,11:39
2015110107,SF@STL,0.0,3,2015-11-01,13:13
2015110102,CIN@PIT,0.0,3,2015-11-01,13:19
2015110108,ARI@CLE,1.0,3,2015-11-01,01:17
2015110109,NYJ@OAK,3.0,3,2015-11-01,03:13
2015110108,ARI@CLE,6.0,3,2015-11-01,14:02
2015110110,SEA@DAL,8.0,3,2015-11-01,07:29
2015110103,TEN@HOU,10.0,3,2015-11-01,09:16
2015110107,SF@STL,10.0,3,2015-11-01,12:15
2015110105,TB@ATL,24.0,3,2015-11-01,14:10
2015110108,ARI@CLE,38.0,3,2015-11-01,09:43
2015110105,TB@ATL,-1.0,4,2015-11-01,12:17
2015110111,GB@DEN,0.0,4,2015-11-01,01:16
2015110100,DET@KC,0.0,4,2015-11-01,02:00
2015110109,NYJ@OAK,0.0,4,2015-11-01,04:49
2015110102,CIN@PIT,0.0,4,2015-11-01,07:36
2015110101,SD@BAL,0.0,4,2015-11-01,09:28
2015110103,TEN@HOU,0.0,4,2015-11-01,09:58
2015110107,SF@STL,0.0,4,2015-11-01,10:23
2015110106,NYG@NO,0.0,4,2015-11-01,10:37
2015110101,SD@BAL,0.0,4,2015-11-01,12:16
2015110100,DET@KC,0.0,4,2015-11-01,12:45
2015110102,CIN@PIT,0.0,4,2015-11-01,13:42
2015110103,TEN@HOU,0.0,4,2015-11-01,14:05
2015110107,SF@STL,0.0,4,2015-11-01,14:20
2015110109,NYJ@OAK,4.0,4,2015-11-01,03:30
2015110109,NYJ@OAK,4.0,4,2015-11-01,07:44
2015110100,DET@KC,5.0,4,2015-11-01,05:50
2015110107,SF@STL,5.0,4,2015-11-01,12:46
2015110109,NYJ@OAK,6.0,4,2015-11-01,03:07
2015110111,GB@DEN,6.0,4,2015-11-01,07:02
2015110103,TEN@HOU,7.0,4,2015-11-01,07:30
2015110104,MIN@CHI,12.0,4,2015-11-01,01:10
2015110101,SD@BAL,17.0,4,2015-11-01,07:42
2015110107,SF@STL,19.0,4,2015-11-01,06:42
2015110107,SF@STL,27.0,4,2015-11-01,04:13
2015110100,DET@KC,37.0,4,2015-11-01,11:12
2015110110,SEA@DAL,62.0,4,2015-11-01,07:00
2015110200,IND@CAR,0.0,1,2015-11-02,00:35
2015110200,IND@CAR,0.0,1,2015-11-02,04:43
2015110200,IND@CAR,8.0,1,2015-11-02,03:03
2015110200,IND@CAR,0.0,2,2015-11-02,01:00
2015110200,IND@CAR,0.0,2,2015-11-02,02:39
2015110200,IND@CAR,0.0,2,2015-11-02,14:49
2015110200,IND@CAR,0.0,3,2015-11-02,06:38
2015110200,IND@CAR,0.0,3,2015-11-02,11:20
2015110200,IND@CAR,18.0,3,2015-11-02,01:14
2015110200,IND@CAR,-7.0,4,2015-11-02,12:39
2015110200,IND@CAR,0.0,4,2015-11-02,14:18
2015110200,IND@CAR,6.0,4,2015-11-02,04:51
2015110200,IND@CAR,7.0,4,2015-11-02,02:10
2015110500,CLE@CIN,0.0,1,2015-11-05,12:29
2015110500,CLE@CIN,0.0,2,2015-11-05,11:24
2015110500,CLE@CIN,0.0,2,2015-11-05,13:03
2015110500,CLE@CIN,0.0,3,2015-11-05,09:15
2015110500,CLE@CIN,0.0,3,2015-11-05,11:24
2015110500,CLE@CIN,1.0,3,2015-11-05,03:09
2015110500,CLE@CIN,5.0,4,2015-11-05,11:55
2015110500,CLE@CIN,29.0,4,2015-11-05,07:23
2015110806,OAK@PIT,-3.0,1,2015-11-08,09:06
2015110802,WAS@NE,-2.0,1,2015-11-08,03:39
2015110804,MIA@BUF,0.0,1,2015-11-08,01:00
2015110810,PHI@DAL,0.0,1,2015-11-08,01:43
2015110810,PHI@DAL,0.0,1,2015-11-08,02:32
2015110809,DEN@IND,0.0,1,2015-11-08,03:20
2015110810,PHI@DAL,0.0,1,2015-11-08,04:03
2015110804,MIA@BUF,0.0,1,2015-11-08,05:01
2015110808,ATL@SF,0.0,1,2015-11-08,05:15
2015110800,STL@MIN,0.0,1,2015-11-08,09:05
2015110806,OAK@PIT,0.0,1,2015-11-08,10:07
2015110809,DEN@IND,0.0,1,2015-11-08,10:39
2015110809,DEN@IND,0.0,1,2015-11-08,12:07
2015110809,DEN@IND,0.0,1,2015-11-08,13:42
2015110810,PHI@DAL,0.0,1,2015-11-08,13:56
2015110800,STL@MIN,0.0,1,2015-11-08,14:02
2015110805,JAC@NYJ,0.0,1,2015-11-08,14:11
2015110806,OAK@PIT,5.0,1,2015-11-08,01:45
2015110810,PHI@DAL,6.0,1,2015-11-08,12:43
2015110804,MIA@BUF,10.0,1,2015-11-08,12:03
2015110803,TEN@NO,11.0,1,2015-11-08,13:49
2015110808,ATL@SF,12.0,1,2015-11-08,13:12
2015110801,GB@CAR,15.0,1,2015-11-08,06:59
2015110801,GB@CAR,32.0,1,2015-11-08,08:03
2015110808,ATL@SF,41.0,1,2015-11-08,08:31
2015110809,DEN@IND,-1.0,2,2015-11-08,01:33
2015110800,STL@MIN,-1.0,2,2015-11-08,09:17
2015110810,PHI@DAL,0.0,2,2015-11-08,00:04
2015110805,JAC@NYJ,0.0,2,2015-11-08,00:33
2015110806,OAK@PIT,0.0,2,2015-11-08,01:07
2015110809,DEN@IND,0.0,2,2015-11-08,01:53
2015110803,TEN@NO,0.0,2,2015-11-08,01:54
2015110800,STL@MIN,0.0,2,2015-11-08,01:56
2015110801,GB@CAR,0.0,2,2015-11-08,02:00
2015110810,PHI@DAL,0.0,2,2015-11-08,02:24
2015110805,JAC@NYJ,0.0,2,2015-11-08,03:41
2015110804,MIA@BUF,0.0,2,2015-11-08,04:41
2015110803,TEN@NO,0.0,2,2015-11-08,05:40
2015110805,JAC@NYJ,0.0,2,2015-11-08,06:17
2015110801,GB@CAR,0.0,2,2015-11-08,08:03
2015110808,ATL@SF,0.0,2,2015-11-08,09:12
2015110806,OAK@PIT,0.0,2,2015-11-08,10:01
2015110806,OAK@PIT,0.0,2,2015-11-08,10:55
2015110810,PHI@DAL,0.0,2,2015-11-08,13:25
2015110809,DEN@IND,3.0,2,2015-11-08,05:36
2015110805,JAC@NYJ,6.0,2,2015-11-08,11:42
2015110803,TEN@NO,7.0,2,2015-11-08,07:08
2015110801,GB@CAR,8.0,2,2015-11-08,10:32
2015110805,JAC@NYJ,9.0,2,2015-11-08,01:40
2015110800,STL@MIN,12.0,2,2015-11-08,13:27
2015110808,ATL@SF,14.0,2,2015-11-08,07:49
2015110805,JAC@NYJ,16.0,2,2015-11-08,04:40
2015110808,ATL@SF,17.0,2,2015-11-08,02:39
2015110809,DEN@IND,83.0,2,2015-11-08,00:15
2015110810,PHI@DAL,-1.0,3,2015-11-08,00:31
2015110808,ATL@SF,0.0,3,2015-11-08,00:06
2015110807,NYG@TB,0.0,3,2015-11-08,00:31
2015110800,STL@MIN,0.0,3,2015-11-08,01:16
2015110806,OAK@PIT,0.0,3,2015-11-08,01:23
2015110801,GB@CAR,0.0,3,2015-11-08,03:03
2015110802,WAS@NE,0.0,3,2015-11-08,04:24
2015110808,ATL@SF,0.0,3,2015-11-08,05:17
2015110802,WAS@NE,0.0,3,2015-11-08,06:10
2015110800,STL@MIN,0.0,3,2015-11-08,07:38
2015110805,JAC@NYJ,0.0,3,2015-11-08,09:03
2015110809,DEN@IND,0.0,3,2015-11-08,09:45
2015110808,ATL@SF,0.0,3,2015-11-08,11:15
2015110810,PHI@DAL,0.0,3,2015-11-08,11:24
2015110801,GB@CAR,0.0,3,2015-11-08,11:34
2015110806,OAK@PIT,0.0,3,2015-11-08,11:38
2015110809,DEN@IND,0.0,3,2015-11-08,13:00
2015110801,GB@CAR,0.0,3,2015-11-08,13:14
2015110806,OAK@PIT,0.0,3,2015-11-08,13:15
2015110801,GB@CAR,1.0,3,2015-11-08,00:50
2015110803,TEN@NO,5.0,3,2015-11-08,13:08
2015110800,STL@MIN,6.0,3,2015-11-08,12:09
2015110800,STL@MIN,6.0,3,2015-11-08,12:18
2015110803,TEN@NO,8.0,3,2015-11-08,02:40
2015110800,STL@MIN,8.0,3,2015-11-08,04:27
2015110808,ATL@SF,9.0,3,2015-11-08,02:35
2015110802,WAS@NE,9.0,3,2015-11-08,05:16
2015110805,JAC@NYJ,11.0,3,2015-11-08,00:37
2015110801,GB@CAR,11.0,3,2015-11-08,04:05
2015110804,MIA@BUF,18.0,3,2015-11-08,08:01
2015110805,JAC@NYJ,20.0,3,2015-11-08,06:21
2015110803,TEN@NO,0.0,4,2015-11-08,00:19
2015110805,JAC@NYJ,0.0,4,2015-11-08,01:05
2015110806,OAK@PIT,0.0,4,2015-11-08,02:22
2015110805,JAC@NYJ,0.0,4,2015-11-08,03:47
2015110802,WAS@NE,0.0,4,2015-11-08,03:57
2015110803,TEN@NO,0.0,4,2015-11-08,04:36
2015110807,NYG@TB,0.0,4,2015-11-08,05:07
2015110800,STL@MIN,0.0,4,2015-11-08,05:20
2015110801,GB@CAR,0.0,4,2015-11-08,06:29
2015110805,JAC@NYJ,0.0,4,2015-11-08,07:51
2015110800,STL@MIN,0.0,4,2015-11-08,07:54
2015110800,STL@MIN,0.0,4,2015-11-08,09:50
2015110808,ATL@SF,0.0,4,2015-11-08,10:31
2015110800,STL@MIN,0.0,4,2015-11-08,12:07
2015110808,ATL@SF,0.0,4,2015-11-08,13:18
2015110805,JAC@NYJ,0.0,4,2015-11-08,13:26
2015110804,MIA@BUF,0.0,4,2015-11-08,15:00
2015110806,OAK@PIT,1.0,4,2015-11-08,07:22
2015110807,NYG@TB,1.0,4,2015-11-08,11:51
2015110801,GB@CAR,1.0,4,2015-11-08,13:53
2015110802,WAS@NE,5.0,4,2015-11-08,09:23
2015110800,STL@MIN,8.0,4,2015-11-08,01:27
2015110800,STL@MIN,8.0,4,2015-11-08,06:59
2015110801,GB@CAR,11.0,4,2015-11-08,11:55
2015110801,GB@CAR,16.0,4,2015-11-08,00:19
2015110800,STL@MIN,26.0,5,2015-11-08,13:32
2015110900,CHI@SD,0.0,2,2015-11-09,02:13
2015110900,CHI@SD,0.0,2,2015-11-09,03:36
2015110900,CHI@SD,0.0,2,2015-11-09,11:52
2015110900,CHI@SD,10.0,2,2015-11-09,13:25
2015110900,CHI@SD,0.0,3,2015-11-09,07:25
2015110900,CHI@SD,12.0,3,2015-11-09,13:38
2015111200,BUF@NYJ,-3.0,1,2015-11-12,09:06
2015111200,BUF@NYJ,0.0,1,2015-11-12,13:19
2015111200,BUF@NYJ,0.0,1,2015-11-12,14:41
2015111200,BUF@NYJ,5.0,1,2015-11-12,00:12
2015111200,BUF@NYJ,12.0,1,2015-11-12,11:55
2015111200,BUF@NYJ,0.0,2,2015-11-12,10:32
2015111200,BUF@NYJ,0.0,2,2015-11-12,13:39
2015111200,BUF@NYJ,19.0,2,2015-11-12,05:03
2015111200,BUF@NYJ,0.0,3,2015-11-12,02:57
2015111200,BUF@NYJ,0.0,4,2015-11-12,13:36
2015111200,BUF@NYJ,1.0,4,2015-11-12,11:44
2015111200,BUF@NYJ,6.0,4,2015-11-12,00:35
2015111200,BUF@NYJ,6.0,4,2015-11-12,10:22
2015111506,JAC@BAL,0.0,1,2015-11-15,00:56
2015111504,CHI@STL,0.0,1,2015-11-15,01:08
2015111505,MIA@PHI,0.0,1,2015-11-15,02:10
2015111509,NE@NYG,0.0,1,2015-11-15,03:29
2015111508,MIN@OAK,0.0,1,2015-11-15,05:21
2015111501,DET@GB,0.0,1,2015-11-15,06:34
2015111508,MIN@OAK,0.0,1,2015-11-15,09:27
2015111510,KC@DEN,0.0,1,2015-11-15,10:20
2015111511,ARI@SEA,0.0,1,2015-11-15,10:30
2015111506,JAC@BAL,0.0,1,2015-11-15,12:27
2015111502,DAL@TB,0.0,1,2015-11-15,12:42
2015111507,CLE@PIT,0.0,1,2015-11-15,12:43
2015111511,ARI@SEA,0.0,1,2015-11-15,13:34
2015111506,JAC@BAL,0.0,1,2015-11-15,13:44
2015111503,CAR@TEN,0.0,1,2015-11-15,13:59
2015111501,DET@GB,1.0,1,2015-11-15,08:27
2015111511,ARI@SEA,5.0,1,2015-11-15,01:04
2015111501,DET@GB,6.0,1,2015-11-15,01:56
2015111501,DET@GB,6.0,1,2015-11-15,07:24
2015111510,KC@DEN,11.0,1,2015-11-15,02:32
2015111501,DET@GB,11.0,1,2015-11-15,04:06
2015111509,NE@NYG,11.0,1,2015-11-15,05:02
2015111510,KC@DEN,11.0,1,2015-11-15,05:11
2015111506,JAC@BAL,12.0,1,2015-11-15,10:55
2015111502,DAL@TB,22.0,1,2015-11-15,10:31
2015111510,KC@DEN,-5.0,2,2015-11-15,10:48
2015111504,CHI@STL,-4.0,2,2015-11-15,01:58
2015111503,CAR@TEN,0.0,2,2015-11-15,00:12
2015111502,DAL@TB,0.0,2,2015-11-15,00:51
2015111504,CHI@STL,0.0,2,2015-11-15,00:52
2015111501,DET@GB,0.0,2,2015-11-15,00:53
2015111506,JAC@BAL,0.0,2,2015-11-15,00:57
2015111508,MIN@OAK,0.0,2,2015-11-15,00:58
2015111505,MIA@PHI,0.0,2,2015-11-15,01:02
2015111507,CLE@PIT,0.0,2,2015-11-15,01:15
2015111501,DET@GB,0.0,2,2015-11-15,01:38
2015111510,KC@DEN,0.0,2,2015-11-15,02:46
2015111508,MIN@OAK,0.0,2,2015-11-15,03:31
2015111503,CAR@TEN,0.0,2,2015-11-15,04:12
2015111505,MIA@PHI,0.0,2,2015-11-15,04:59
2015111504,CHI@STL,0.0,2,2015-11-15,05:57
2015111510,KC@DEN,0.0,2,2015-11-15,06:13
2015111507,CLE@PIT,0.0,2,2015-11-15,07:25
2015111501,DET@GB,0.0,2,2015-11-15,08:24
2015111500,NO@WAS,0.0,2,2015-11-15,12:11
2015111501,DET@GB,0.0,2,2015-11-15,13:36
2015111508,MIN@OAK,0.0,2,2015-11-15,15:00
2015111507,CLE@PIT,0.0,2,2015-11-15,15:00
2015111500,NO@WAS,1.0,2,2015-11-15,14:28
2015111506,JAC@BAL,2.0,2,2015-11-15,12:35
2015111509,NE@NYG,3.0,2,2015-11-15,01:17
2015111504,CHI@STL,4.0,2,2015-11-15,03:41
2015111500,NO@WAS,5.0,2,2015-11-15,01:53
2015111504,CHI@STL,6.0,2,2015-11-15,14:10
2015111505,MIA@PHI,7.0,2,2015-11-15,00:27
2015111509,NE@NYG,11.0,2,2015-11-15,07:11
2015111505,MIA@PHI,12.0,2,2015-11-15,03:06
2015111506,JAC@BAL,14.0,2,2015-11-15,14:55
2015111500,NO@WAS,19.0,2,2015-11-15,07:28
2015111501,DET@GB,23.0,2,2015-11-15,15:00
2015111511,ARI@SEA,24.0,2,2015-11-15,05:38
2015111503,CAR@TEN,87.0,2,2015-11-15,01:17
2015111511,ARI@SEA,0.0,3,2015-11-15,00:48
2015111502,DAL@TB,0.0,3,2015-11-15,03:03
2015111510,KC@DEN,0.0,3,2015-11-15,04:31
2015111510,KC@DEN,0.0,3,2015-11-15,05:17
2015111503,CAR@TEN,0.0,3,2015-11-15,05:30
2015111510,KC@DEN,0.0,3,2015-11-15,06:42
2015111501,DET@GB,0.0,3,2015-11-15,08:18
2015111511,ARI@SEA,0.0,3,2015-11-15,09:00
2015111508,MIN@OAK,0.0,3,2015-11-15,10:15
2015111507,CLE@PIT,0.0,3,2015-11-15,10:19
2015111502,DAL@TB,0.0,3,2015-11-15,10:22
2015111503,CAR@TEN,0.0,3,2015-11-15,10:59
2015111501,DET@GB,0.0,3,2015-11-15,11:28
2015111504,CHI@STL,0.0,3,2015-11-15,11:44
2015111501,DET@GB,0.0,3,2015-11-15,12:54
2015111505,MIA@PHI,0.0,3,2015-11-15,13:04
2015111510,KC@DEN,0.0,3,2015-11-15,13:27
2015111502,DAL@TB,0.0,3,2015-11-15,13:33
2015111510,KC@DEN,0.0,3,2015-11-15,14:09
2015111502,DAL@TB,1.0,3,2015-11-15,06:11
2015111506,JAC@BAL,2.0,3,2015-11-15,00:11
2015111508,MIN@OAK,2.0,3,2015-11-15,06:31
2015111505,MIA@PHI,3.0,3,2015-11-15,03:17
2015111505,MIA@PHI,6.0,3,2015-11-15,07:31
2015111505,MIA@PHI,7.0,3,2015-11-15,06:29
2015111508,MIN@OAK,9.0,3,2015-11-15,01:08
2015111504,CHI@STL,10.0,3,2015-11-15,07:10
2015111504,CHI@STL,10.0,3,2015-11-15,13:39
2015111500,NO@WAS,11.0,3,2015-11-15,03:31
2015111511,ARI@SEA,14.0,3,2015-11-15,03:34
2015111503,CAR@TEN,15.0,3,2015-11-15,04:11
2015111509,NE@NYG,17.0,3,2015-11-15,08:09
2015111505,MIA@PHI,30.0,3,2015-11-15,09:47
2015111506,JAC@BAL,42.0,3,2015-11-15,08:05
2015111509,NE@NYG,82.0,3,2015-11-15,06:36
2015111501,DET@GB,-1.0,4,2015-11-15,15:00
2015111506,JAC@BAL,0.0,4,2015-11-15,01:14
2015111506,JAC@BAL,0.0,4,2015-11-15,04:05
2015111502,DAL@TB,0.0,4,2015-11-15,04:08
2015111511,ARI@SEA,0.0,4,2015-11-15,06:09
2015111505,MIA@PHI,0.0,4,2015-11-15,08:09
2015111505,MIA@PHI,0.0,4,2015-11-15,09:33
2015111501,DET@GB,0.0,4,2015-11-15,10:09
2015111501,DET@GB,0.0,4,2015-11-15,12:01
2015111509,NE@NYG,0.0,4,2015-11-15,13:07
2015111502,DAL@TB,0.0,4,2015-11-15,14:07
2015111506,JAC@BAL,0.0,4,2015-11-15,14:14
2015111502,DAL@TB,3.0,4,2015-11-15,11:03
2015111505,MIA@PHI,5.0,4,2015-11-15,06:37
2015111508,MIN@OAK,6.0,4,2015-11-15,09:42
2015111509,NE@NYG,7.0,4,2015-11-15,11:14
2015111505,MIA@PHI,10.0,4,2015-11-15,01:51
2015111500,NO@WAS,10.0,4,2015-11-15,03:48
2015111503,CAR@TEN,12.0,4,2015-11-15,07:40
2015111503,CAR@TEN,23.0,4,2015-11-15,13:35
2015111600,HOU@CIN,0.0,1,2015-11-16,08:22
2015111600,HOU@CIN,3.0,1,2015-11-16,06:12
2015111600,HOU@CIN,10.0,1,2015-11-16,11:56
2015111600,HOU@CIN,13.0,1,2015-11-16,10:28
2015111600,HOU@CIN,27.0,1,2015-11-16,06:25
2015111600,HOU@CIN,0.0,2,2015-11-16,00:41
2015111600,HOU@CIN,8.0,2,2015-11-16,04:00
2015111600,HOU@CIN,0.0,3,2015-11-16,02:33
2015111600,HOU@CIN,0.0,3,2015-11-16,05:38
2015111600,HOU@CIN,0.0,3,2015-11-16,10:56
2015111600,HOU@CIN,0.0,4,2015-11-16,07:07
2015111600,HOU@CIN,0.0,4,2015-11-16,09:15
2015111600,HOU@CIN,0.0,4,2015-11-16,10:56
2015111600,HOU@CIN,0.0,4,2015-11-16,13:00
2015111600,HOU@CIN,8.0,4,2015-11-16,11:58
2015111600,HOU@CIN,11.0,4,2015-11-16,04:07
2015111900,TEN@JAC,0.0,1,2015-11-19,05:28
2015111900,TEN@JAC,6.0,1,2015-11-19,08:12
2015111900,TEN@JAC,-12.0,2,2015-11-19,01:48
2015111900,TEN@JAC,0.0,2,2015-11-19,03:08
2015111900,TEN@JAC,0.0,2,2015-11-19,07:37
2015111900,TEN@JAC,13.0,2,2015-11-19,01:38
2015111900,TEN@JAC,-1.0,3,2015-11-19,03:23
2015111900,TEN@JAC,0.0,4,2015-11-19,07:36
2015111900,TEN@JAC,9.0,4,2015-11-19,06:04
2015111900,TEN@JAC,63.0,4,2015-11-19,03:49
2015112204,TB@PHI,0.0,1,2015-11-22,02:15
2015112209,CIN@ARI,0.0,1,2015-11-22,03:52
2015112202,IND@ATL,0.0,1,2015-11-22,05:39
2015112208,STL@BAL,0.0,1,2015-11-22,05:44
2015112200,DEN@CHI,0.0,1,2015-11-22,06:55
2015112211,KC@SD,0.0,1,2015-11-22,07:43
2015112204,TB@PHI,0.0,1,2015-11-22,07:46
2015112203,NYJ@HOU,0.0,1,2015-11-22,08:00
2015112209,CIN@ARI,0.0,1,2015-11-22,08:07
2015112207,DAL@MIA,0.0,1,2015-11-22,08:15
2015112210,SF@SEA,0.0,1,2015-11-22,08:36
2015112207,DAL@MIA,0.0,1,2015-11-22,09:40
2015112211,KC@SD,0.0,1,2015-11-22,10:26
2015112205,GB@MIN,0.0,1,2015-11-22,10:31
2015112208,STL@BAL,0.0,1,2015-11-22,12:03
2015112207,DAL@MIA,0.0,1,2015-11-22,12:25
2015112200,DEN@CHI,0.0,1,2015-11-22,13:59
2015112206,WAS@CAR,2.0,1,2015-11-22,14:13
2015112208,STL@BAL,3.0,1,2015-11-22,00:16
2015112203,NYJ@HOU,4.0,1,2015-11-22,12:41
2015112210,SF@SEA,4.0,1,2015-11-22,13:05
2015112201,OAK@DET,8.0,1,2015-11-22,06:09
2015112204,TB@PHI,10.0,1,2015-11-22,05:58
2015112208,STL@BAL,10.0,1,2015-11-22,08:21
2015112209,CIN@ARI,41.0,1,2015-11-22,05:57
2015112203,NYJ@HOU,0.0,2,2015-11-22,00:15
2015112202,IND@ATL,0.0,2,2015-11-22,00:39
2015112210,SF@SEA,0.0,2,2015-11-22,01:50
2015112211,KC@SD,0.0,2,2015-11-22,02:23
2015112205,GB@MIN,0.0,2,2015-11-22,02:26
2015112201,OAK@DET,0.0,2,2015-11-22,02:51
2015112205,GB@MIN,0.0,2,2015-11-22,03:40
2015112200,DEN@CHI,0.0,2,2015-11-22,03:47
2015112208,STL@BAL,0.0,2,2015-11-22,04:04
2015112203,NYJ@HOU,0.0,2,2015-11-22,05:12
2015112200,DEN@CHI,0.0,2,2015-11-22,05:19
2015112208,STL@BAL,0.0,2,2015-11-22,05:35
2015112210,SF@SEA,0.0,2,2015-11-22,06:02
2015112205,GB@MIN,0.0,2,2015-11-22,06:17
2015112201,OAK@DET,0.0,2,2015-11-22,06:55
2015112208,STL@BAL,0.0,2,2015-11-22,08:15
2015112201,OAK@DET,0.0,2,2015-11-22,08:21
2015112200,DEN@CHI,0.0,2,2015-11-22,09:21
2015112207,DAL@MIA,0.0,2,2015-11-22,09:53
2015112208,STL@BAL,0.0,2,2015-11-22,11:13
2015112206,WAS@CAR,0.0,2,2015-11-22,12:27
2015112205,GB@MIN,0.0,2,2015-11-22,12:42
2015112207,DAL@MIA,0.0,2,2015-11-22,13:01
2015112200,DEN@CHI,0.0,2,2015-11-22,15:00
2015112210,SF@SEA,0.0,2,2015-11-22,15:00
2015112206,WAS@CAR,1.0,2,2015-11-22,14:35
2015112203,NYJ@HOU,2.0,2,2015-11-22,01:54
2015112208,STL@BAL,3.0,2,2015-11-22,10:18
2015112202,IND@ATL,3.0,2,2015-11-22,13:23
2015112204,TB@PHI,4.0,2,2015-11-22,10:19
2015112209,CIN@ARI,5.0,2,2015-11-22,00:47
2015112204,TB@PHI,7.0,2,2015-11-22,11:49
2015112203,NYJ@HOU,11.0,2,2015-11-22,13:52
2015112201,OAK@DET,12.0,2,2015-11-22,09:55
2015112207,DAL@MIA,12.0,2,2015-11-22,11:30
2015112203,NYJ@HOU,13.0,2,2015-11-22,07:10
2015112204,TB@PHI,23.0,2,2015-11-22,13:56
2015112208,STL@BAL,-4.0,3,2015-11-22,00:01
2015112205,GB@MIN,-1.0,3,2015-11-22,06:07
2015112203,NYJ@HOU,-1.0,3,2015-11-22,06:26
2015112204,TB@PHI,0.0,3,2015-11-22,02:20
2015112201,OAK@DET,0.0,3,2015-11-22,02:31
2015112208,STL@BAL,0.0,3,2015-11-22,04:25
2015112211,KC@SD,0.0,3,2015-11-22,04:33
2015112201,OAK@DET,0.0,3,2015-11-22,07:01
2015112202,IND@ATL,0.0,3,2015-11-22,07:29
2015112207,DAL@MIA,0.0,3,2015-11-22,07:30
2015112211,KC@SD,0.0,3,2015-11-22,08:03
2015112207,DAL@MIA,0.0,3,2015-11-22,08:46
2015112200,DEN@CHI,0.0,3,2015-11-22,09:13
2015112208,STL@BAL,0.0,3,2015-11-22,09:44
2015112206,WAS@CAR,0.0,3,2015-11-22,10:01
2015112200,DEN@CHI,0.0,3,2015-11-22,10:37
2015112211,KC@SD,0.0,3,2015-11-22,10:47
2015112200,DEN@CHI,0.0,3,2015-11-22,12:09
2015112206,WAS@CAR,0.0,3,2015-11-22,12:31
2015112203,NYJ@HOU,0.0,3,2015-11-22,13:28
2015112206,WAS@CAR,1.0,3,2015-11-22,08:58
2015112211,KC@SD,2.0,3,2015-11-22,13:22
2015112205,GB@MIN,3.0,3,2015-11-22,04:46
2015112209,CIN@ARI,6.0,3,2015-11-22,10:30
2015112210,SF@SEA,6.0,3,2015-11-22,13:22
2015112208,STL@BAL,7.0,3,2015-11-22,10:13
2015112209,CIN@ARI,8.0,3,2015-11-22,04:22
2015112209,CIN@ARI,9.0,3,2015-11-22,13:14
2015112203,NYJ@HOU,9.0,3,2015-11-22,14:32
2015112208,STL@BAL,10.0,3,2015-11-22,01:36
2015112211,KC@SD,11.0,3,2015-11-22,00:52
2015112202,IND@ATL,42.0,3,2015-11-22,05:26
2015112208,STL@BAL,-4.0,4,2015-11-22,09:08
2015112210,SF@SEA,-3.0,4,2015-11-22,03:09
2015112202,IND@ATL,-2.0,4,2015-11-22,05:07
2015112204,TB@PHI,-1.0,4,2015-11-22,09:17
2015112204,TB@PHI,0.0,4,2015-11-22,01:11
2015112203,NYJ@HOU,0.0,4,2015-11-22,02:29
2015112206,WAS@CAR,0.0,4,2015-11-22,02:34
2015112209,CIN@ARI,0.0,4,2015-11-22,02:52
2015112210,SF@SEA,0.0,4,2015-11-22,03:34
2015112200,DEN@CHI,0.0,4,2015-11-22,04:30
2015112204,TB@PHI,0.0,4,2015-11-22,04:48
2015112206,WAS@CAR,0.0,4,2015-11-22,04:56
2015112210,SF@SEA,0.0,4,2015-11-22,05:45
2015112205,GB@MIN,0.0,4,2015-11-22,06:25
2015112207,DAL@MIA,0.0,4,2015-11-22,06:37
2015112202,IND@ATL,0.0,4,2015-11-22,06:52
2015112206,WAS@CAR,0.0,4,2015-11-22,07:18
2015112210,SF@SEA,0.0,4,2015-11-22,07:41
2015112209,CIN@ARI,0.0,4,2015-11-22,09:08
2015112211,KC@SD,0.0,4,2015-11-22,09:57
2015112202,IND@ATL,0.0,4,2015-11-22,10:23
2015112205,GB@MIN,0.0,4,2015-11-22,10:27
2015112210,SF@SEA,0.0,4,2015-11-22,10:42
2015112211,KC@SD,0.0,4,2015-11-22,12:19
2015112211,KC@SD,0.0,4,2015-11-22,13:57
2015112203,NYJ@HOU,0.0,4,2015-11-22,14:47
2015112200,DEN@CHI,4.0,4,2015-11-22,02:00
2015112201,OAK@DET,4.0,4,2015-11-22,08:12
2015112202,IND@ATL,8.0,4,2015-11-22,08:29
2015112203,NYJ@HOU,10.0,4,2015-11-22,03:19
2015112205,GB@MIN,10.0,4,2015-11-22,08:11
2015112202,IND@ATL,11.0,4,2015-11-22,13:00
2015112203,NYJ@HOU,12.0,4,2015-11-22,07:24
2015112203,NYJ@HOU,12.0,4,2015-11-22,13:02
2015112201,OAK@DET,14.0,4,2015-11-22,09:16
2015112207,DAL@MIA,18.0,4,2015-11-22,13:08
2015112300,BUF@NE,0.0,1,2015-11-23,00:12
2015112300,BUF@NE,0.0,1,2015-11-23,02:14
2015112300,BUF@NE,7.0,1,2015-11-23,13:35
2015112300,BUF@NE,0.0,2,2015-11-23,03:48
2015112300,BUF@NE,0.0,2,2015-11-23,08:18
2015112300,BUF@NE,6.0,2,2015-11-23,06:37
2015112300,BUF@NE,0.0,3,2015-11-23,04:57
2015112300,BUF@NE,2.0,3,2015-11-23,09:37
2015112300,BUF@NE,21.0,3,2015-11-23,08:12
2015112300,BUF@NE,0.0,4,2015-11-23,02:00
2015112300,BUF@NE,0.0,4,2015-11-23,10:12
2015112300,BUF@NE,0.0,4,2015-11-23,14:26
2015112300,BUF@NE,4.0,4,2015-11-23,07:47
2015112602,CHI@GB,0.0,1,2015-11-26,04:17
2015112600,PHI@DET,0.0,1,2015-11-26,06:47
2015112602,CHI@GB,0.0,1,2015-11-26,07:11
2015112600,PHI@DET,0.0,1,2015-11-26,08:21
2015112602,CHI@GB,0.0,1,2015-11-26,08:36
2015112602,CHI@GB,0.0,1,2015-11-26,11:47
2015112601,CAR@DAL,0.0,1,2015-11-26,12:35
2015112602,CHI@GB,7.0,1,2015-11-26,02:20
2015112601,CAR@DAL,0.0,2,2015-11-26,09:25
2015112602,CHI@GB,0.0,2,2015-11-26,11:39
2015112601,CAR@DAL,0.0,2,2015-11-26,11:48
2015112602,CHI@GB,0.0,2,2015-11-26,14:56
2015112600,PHI@DET,1.0,2,2015-11-26,07:29
2015112602,CHI@GB,7.0,2,2015-11-26,13:01
2015112600,PHI@DET,14.0,2,2015-11-26,04:19
2015112600,PHI@DET,0.0,3,2015-11-26,00:34
2015112600,PHI@DET,0.0,3,2015-11-26,02:15
2015112602,CHI@GB,0.0,3,2015-11-26,04:50
2015112602,CHI@GB,1.0,3,2015-11-26,10:23
2015112601,CAR@DAL,8.0,3,2015-11-26,11:35
2015112600,PHI@DET,-2.0,4,2015-11-26,01:15
2015112602,CHI@GB,0.0,4,2015-11-26,02:53
2015112602,CHI@GB,0.0,4,2015-11-26,04:18
2015112600,PHI@DET,0.0,4,2015-11-26,08:28
2015112602,CHI@GB,0.0,4,2015-11-26,08:30
2015112601,CAR@DAL,0.0,4,2015-11-26,14:20
2015112600,PHI@DET,5.0,4,2015-11-26,06:14
2015112600,PHI@DET,9.0,4,2015-11-26,14:27
2015112902,STL@CIN,-1.0,1,2015-11-29,01:03
2015112907,OAK@TEN,0.0,1,2015-11-29,00:01
2015112903,NO@HOU,0.0,1,2015-11-29,00:03
2015112911,NE@DEN,0.0,1,2015-11-29,01:58
2015112902,STL@CIN,0.0,1,2015-11-29,02:08
2015112906,SD@JAC,0.0,1,2015-11-29,03:06
2015112910,PIT@SEA,0.0,1,2015-11-29,03:35
2015112900,NYG@WAS,0.0,1,2015-11-29,04:34
2015112902,STL@CIN,0.0,1,2015-11-29,04:51
2015112909,ARI@SF,0.0,1,2015-11-29,07:40
2015112911,NE@DEN,0.0,1,2015-11-29,08:18
2015112907,OAK@TEN,0.0,1,2015-11-29,08:31
2015112906,SD@JAC,0.0,1,2015-11-29,08:32
2015112908,BUF@KC,0.0,1,2015-11-29,10:19
2015112900,NYG@WAS,0.0,1,2015-11-29,10:48
2015112910,PIT@SEA,0.0,1,2015-11-29,11:22
2015112909,ARI@SF,0.0,1,2015-11-29,11:28
2015112905,MIA@NYJ,0.0,1,2015-11-29,11:39
2015112907,OAK@TEN,0.0,1,2015-11-29,13:07
2015112902,STL@CIN,0.0,1,2015-11-29,13:19
2015112911,NE@DEN,0.0,1,2015-11-29,13:37
2015112910,PIT@SEA,0.0,1,2015-11-29,14:22
2015112901,MIN@ATL,3.0,1,2015-11-29,10:23
2015112908,BUF@KC,5.0,1,2015-11-29,05:28
2015112905,MIA@NYJ,5.0,1,2015-11-29,10:06
2015112905,MIA@NYJ,8.0,1,2015-11-29,00:41
2015112903,NO@HOU,8.0,1,2015-11-29,05:11
2015112902,STL@CIN,9.0,1,2015-11-29,03:29
2015112911,NE@DEN,10.0,1,2015-11-29,09:15
2015112901,MIN@ATL,10.0,1,2015-11-29,12:38
2015112903,NO@HOU,12.0,1,2015-11-29,13:17
2015112907,OAK@TEN,13.0,1,2015-11-29,11:34
2015112906,SD@JAC,15.0,1,2015-11-29,01:08
2015112907,OAK@TEN,20.0,1,2015-11-29,14:07
2015112900,NYG@WAS,0.0,2,2015-11-29,00:53
2015112908,BUF@KC,0.0,2,2015-11-29,01:27
2015112903,NO@HOU,0.0,2,2015-11-29,02:40
2015112905,MIA@NYJ,0.0,2,2015-11-29,02:46
2015112909,ARI@SF,0.0,2,2015-11-29,03:52
2015112900,NYG@WAS,0.0,2,2015-11-29,05:50
2015112905,MIA@NYJ,0.0,2,2015-11-29,06:13
2015112909,ARI@SF,0.0,2,2015-11-29,07:09
2015112900,NYG@WAS,0.0,2,2015-11-29,07:11
2015112907,OAK@TEN,0.0,2,2015-11-29,09:19
2015112908,BUF@KC,0.0,2,2015-11-29,10:14
2015112903,NO@HOU,0.0,2,2015-11-29,10:29
2015112900,NYG@WAS,0.0,2,2015-11-29,10:41
2015112906,SD@JAC,0.0,2,2015-11-29,10:51
2015112907,OAK@TEN,0.0,2,2015-11-29,11:17
2015112911,NE@DEN,0.0,2,2015-11-29,13:33
2015112908,BUF@KC,0.0,2,2015-11-29,14:56
2015112905,MIA@NYJ,3.0,2,2015-11-29,10:02
2015112905,MIA@NYJ,5.0,2,2015-11-29,07:50
2015112905,MIA@NYJ,5.0,2,2015-11-29,12:53
2015112901,MIN@ATL,7.0,2,2015-11-29,03:58
2015112904,TB@IND,7.0,2,2015-11-29,04:48
2015112911,NE@DEN,7.0,2,2015-11-29,09:33
2015112911,NE@DEN,8.0,2,2015-11-29,08:00
2015112900,NYG@WAS,8.0,2,2015-11-29,08:07
2015112906,SD@JAC,9.0,2,2015-11-29,09:19
2015112905,MIA@NYJ,11.0,2,2015-11-29,14:38
2015112903,NO@HOU,12.0,2,2015-11-29,09:05
2015112910,PIT@SEA,14.0,2,2015-11-29,00:16
2015112909,ARI@SF,15.0,2,2015-11-29,11:03
2015112910,PIT@SEA,0.0,3,2015-11-29,00:17
2015112911,NE@DEN,0.0,3,2015-11-29,01:40
2015112903,NO@HOU,0.0,3,2015-11-29,02:18
2015112911,NE@DEN,0.0,3,2015-11-29,03:51
2015112911,NE@DEN,0.0,3,2015-11-29,05:21
2015112909,ARI@SF,0.0,3,2015-11-29,05:46
2015112903,NO@HOU,0.0,3,2015-11-29,09:37
2015112911,NE@DEN,0.0,3,2015-11-29,12:01
2015112910,PIT@SEA,0.0,3,2015-11-29,12:57
2015112904,TB@IND,0.0,3,2015-11-29,13:14
2015112900,NYG@WAS,2.0,3,2015-11-29,04:17
2015112902,STL@CIN,3.0,3,2015-11-29,04:17
2015112910,PIT@SEA,3.0,3,2015-11-29,04:30
2015112900,NYG@WAS,3.0,3,2015-11-29,05:13
2015112911,NE@DEN,4.0,3,2015-11-29,00:18
2015112906,SD@JAC,4.0,3,2015-11-29,08:43
2015112907,OAK@TEN,5.0,3,2015-11-29,00:42
2015112900,NYG@WAS,5.0,3,2015-11-29,02:36
2015112902,STL@CIN,6.0,3,2015-11-29,02:18
2015112905,MIA@NYJ,9.0,3,2015-11-29,07:17
2015112903,NO@HOU,11.0,3,2015-11-29,04:43
2015112902,STL@CIN,13.0,3,2015-11-29,08:44
2015112906,SD@JAC,15.0,3,2015-11-29,12:41
2015112900,NYG@WAS,16.0,3,2015-11-29,01:46
2015112906,SD@JAC,18.0,3,2015-11-29,07:45
2015112904,TB@IND,20.0,3,2015-11-29,08:39
2015112905,MIA@NYJ,28.0,3,2015-11-29,06:23
2015112905,MIA@NYJ,58.0,3,2015-11-29,12:58
2015112904,TB@IND,0.0,4,2015-11-29,00:34
2015112911,NE@DEN,0.0,4,2015-11-29,02:39
2015112904,TB@IND,0.0,4,2015-11-29,02:53
2015112911,NE@DEN,0.0,4,2015-11-29,04:22
2015112900,NYG@WAS,0.0,4,2015-11-29,07:29
2015112903,NO@HOU,0.0,4,2015-11-29,09:14
2015112908,BUF@KC,0.0,4,2015-11-29,10:06
2015112909,ARI@SF,0.0,4,2015-11-29,10:32
2015112911,NE@DEN,0.0,4,2015-11-29,11:07
2015112909,ARI@SF,0.0,4,2015-11-29,12:42
2015112907,OAK@TEN,0.0,4,2015-11-29,13:02
2015112902,STL@CIN,0.0,4,2015-11-29,13:12
2015112904,TB@IND,0.0,4,2015-11-29,13:32
2015112911,NE@DEN,0.0,4,2015-11-29,14:26
2015112910,PIT@SEA,0.0,4,2015-11-29,14:27
2015112911,NE@DEN,2.0,4,2015-11-29,04:48
2015112901,MIN@ATL,3.0,4,2015-11-29,15:00
2015112900,NYG@WAS,6.0,4,2015-11-29,00:27
2015112907,OAK@TEN,7.0,4,2015-11-29,11:56
2015112907,OAK@TEN,9.0,4,2015-11-29,14:53
2015112905,MIA@NYJ,11.0,4,2015-11-29,11:21
2015112902,STL@CIN,13.0,4,2015-11-29,01:52
2015112911,NE@DEN,14.0,5,2015-11-29,14:01
2015113000,BAL@CLE,0.0,1,2015-11-30,12:37
2015113000,BAL@CLE,15.0,1,2015-11-30,07:44
2015113000,BAL@CLE,82.0,1,2015-11-30,10:12
2015113000,BAL@CLE,12.0,2,2015-11-30,03:10
2015113000,BAL@CLE,0.0,3,2015-11-30,02:20
2015113000,BAL@CLE,0.0,3,2015-11-30,13:23
2015113000,BAL@CLE,0.0,4,2015-11-30,01:28
2015113000,BAL@CLE,0.0,4,2015-11-30,04:27
2015113000,BAL@CLE,0.0,4,2015-11-30,04:39
2015113000,BAL@CLE,10.0,4,2015-11-30,08:24
2015113000,BAL@CLE,15.0,4,2015-11-30,01:06
2015120300,GB@DET,0.0,1,2015-12-03,06:51
2015120300,GB@DET,0.0,1,2015-12-03,13:01
2015120300,GB@DET,0.0,2,2015-12-03,00:21
2015120300,GB@DET,0.0,2,2015-12-03,01:45
2015120300,GB@DET,0.0,2,2015-12-03,02:19
2015120300,GB@DET,0.0,2,2015-12-03,02:44
2015120300,GB@DET,0.0,2,2015-12-03,07:00
2015120300,GB@DET,0.0,2,2015-12-03,11:26
2015120300,GB@DET,6.0,2,2015-12-03,09:25
2015120300,GB@DET,0.0,3,2015-12-03,00:48
2015120300,GB@DET,0.0,4,2015-12-03,00:29
2015120300,GB@DET,0.0,4,2015-12-03,13:41
2015120609,ARI@STL,0.0,1,2015-12-06,01:54
2015120611,DEN@SD,0.0,1,2015-12-06,02:13
2015120602,BAL@MIA,0.0,1,2015-12-06,03:08
2015120612,PHI@NE,0.0,1,2015-12-06,03:50
2015120600,NYJ@NYG,0.0,1,2015-12-06,03:53
2015120612,PHI@NE,0.0,1,2015-12-06,06:38
2015120609,ARI@STL,0.0,1,2015-12-06,06:58
2015120611,DEN@SD,0.0,1,2015-12-06,08:29
2015120602,BAL@MIA,0.0,1,2015-12-06,09:07
2015120608,ATL@TB,0.0,1,2015-12-06,10:41
2015120604,JAC@TEN,0.0,1,2015-12-06,11:02
2015120606,SEA@MIN,0.0,1,2015-12-06,11:30
2015120603,CIN@CLE,0.0,1,2015-12-06,11:37
2015120607,CAR@NO,0.0,1,2015-12-06,11:59
2015120600,NYJ@NYG,0.0,1,2015-12-06,12:33
2015120601,HOU@BUF,0.0,1,2015-12-06,13:22
2015120600,NYJ@NYG,0.0,1,2015-12-06,13:34
2015120612,PHI@NE,1.0,1,2015-12-06,12:15
2015120604,JAC@TEN,2.0,1,2015-12-06,13:39
2015120611,DEN@SD,4.0,1,2015-12-06,06:27
2015120607,CAR@NO,5.0,1,2015-12-06,10:20
2015120606,SEA@MIN,6.0,1,2015-12-06,00:39
2015120602,BAL@MIA,7.0,1,2015-12-06,00:40
2015120612,PHI@NE,9.0,1,2015-12-06,04:44
2015120609,ARI@STL,9.0,1,2015-12-06,05:29
2015120605,SF@CHI,9.0,1,2015-12-06,09:02
2015120605,SF@CHI,12.0,1,2015-12-06,03:56
2015120603,CIN@CLE,12.0,1,2015-12-06,08:34
2015120608,ATL@TB,13.0,1,2015-12-06,07:40
2015120612,PHI@NE,14.0,1,2015-12-06,09:26
2015120604,JAC@TEN,14.0,1,2015-12-06,12:42
2015120602,BAL@MIA,15.0,1,2015-12-06,12:15
2015120602,BAL@MIA,17.0,1,2015-12-06,13:17
2015120605,SF@CHI,65.0,1,2015-12-06,14:00
2015120605,SF@CHI,-1.0,2,2015-12-06,05:17
2015120600,NYJ@NYG,-1.0,2,2015-12-06,11:16
2015120606,SEA@MIN,0.0,2,2015-12-06,00:07
2015120607,CAR@NO,0.0,2,2015-12-06,00:29
2015120612,PHI@NE,0.0,2,2015-12-06,01:39
2015120600,NYJ@NYG,0.0,2,2015-12-06,01:50
2015120610,KC@OAK,0.0,2,2015-12-06,01:52
2015120605,SF@CHI,0.0,2,2015-12-06,01:56
2015120613,IND@PIT,0.0,2,2015-12-06,02:00
2015120605,SF@CHI,0.0,2,2015-12-06,03:22
2015120610,KC@OAK,0.0,2,2015-12-06,04:29
2015120608,ATL@TB,0.0,2,2015-12-06,05:06
2015120607,CAR@NO,0.0,2,2015-12-06,07:55
2015120606,SEA@MIN,0.0,2,2015-12-06,08:28
2015120610,KC@OAK,0.0,2,2015-12-06,08:59
2015120601,HOU@BUF,0.0,2,2015-12-06,09:13
2015120609,ARI@STL,0.0,2,2015-12-06,10:52
2015120613,IND@PIT,0.0,2,2015-12-06,11:01
2015120601,HOU@BUF,0.0,2,2015-12-06,11:01
2015120607,CAR@NO,0.0,2,2015-12-06,11:29
2015120613,IND@PIT,0.0,2,2015-12-06,12:36
2015120612,PHI@NE,0.0,2,2015-12-06,12:49
2015120610,KC@OAK,0.0,2,2015-12-06,13:22
2015120600,NYJ@NYG,0.0,2,2015-12-06,13:33
2015120609,ARI@STL,0.0,2,2015-12-06,14:15
2015120609,ARI@STL,3.0,2,2015-12-06,07:09
2015120609,ARI@STL,5.0,2,2015-12-06,02:17
2015120612,PHI@NE,6.0,2,2015-12-06,03:14
2015120610,KC@OAK,8.0,2,2015-12-06,11:11
2015120604,JAC@TEN,9.0,2,2015-12-06,07:14
2015120606,SEA@MIN,9.0,2,2015-12-06,13:16
2015120602,BAL@MIA,10.0,2,2015-12-06,03:11
2015120610,KC@OAK,13.0,2,2015-12-06,06:13
2015120609,ARI@STL,15.0,2,2015-12-06,01:06
2015120611,DEN@SD,21.0,2,2015-12-06,12:54
2015120610,KC@OAK,29.0,2,2015-12-06,01:28
2015120600,NYJ@NYG,80.0,2,2015-12-06,15:00
2015120610,KC@OAK,0.0,3,2015-12-06,00:16
2015120600,NYJ@NYG,0.0,3,2015-12-06,00:44
2015120611,DEN@SD,0.0,3,2015-12-06,00:51
2015120605,SF@CHI,0.0,3,2015-12-06,01:01
2015120602,BAL@MIA,0.0,3,2015-12-06,03:34
2015120601,HOU@BUF,0.0,3,2015-12-06,04:08
2015120602,BAL@MIA,0.0,3,2015-12-06,05:42
2015120601,HOU@BUF,0.0,3,2015-12-06,07:54
2015120602,BAL@MIA,0.0,3,2015-12-06,08:16
2015120607,CAR@NO,0.0,3,2015-12-06,09:39
2015120600,NYJ@NYG,0.0,3,2015-12-06,10:45
2015120612,PHI@NE,0.0,3,2015-12-06,10:47
2015120613,IND@PIT,0.0,3,2015-12-06,11:05
2015120601,HOU@BUF,0.0,3,2015-12-06,11:05
2015120612,PHI@NE,0.0,3,2015-12-06,11:46
2015120601,HOU@BUF,0.0,3,2015-12-06,13:33
2015120609,ARI@STL,0.0,3,2015-12-06,14:36
2015120602,BAL@MIA,1.0,3,2015-12-06,10:26
2015120607,CAR@NO,2.0,3,2015-12-06,00:47
2015120613,IND@PIT,3.0,3,2015-12-06,14:10
2015120604,JAC@TEN,4.0,3,2015-12-06,12:35
2015120603,CIN@CLE,6.0,3,2015-12-06,04:50
2015120602,BAL@MIA,12.0,3,2015-12-06,01:42
2015120609,ARI@STL,12.0,3,2015-12-06,04:27
2015120605,SF@CHI,12.0,3,2015-12-06,07:32
2015120600,NYJ@NYG,16.0,3,2015-12-06,05:16
2015120606,SEA@MIN,19.0,3,2015-12-06,13:08
2015120608,ATL@TB,28.0,3,2015-12-06,03:11
2015120609,ARI@STL,67.0,3,2015-12-06,12:59
2015120612,PHI@NE,83.0,3,2015-12-06,04:37
2015120605,SF@CHI,-1.0,4,2015-12-06,11:21
2015120602,BAL@MIA,0.0,4,2015-12-06,00:26
2015120611,DEN@SD,0.0,4,2015-12-06,01:09
2015120600,NYJ@NYG,0.0,4,2015-12-06,02:48
2015120604,JAC@TEN,0.0,4,2015-12-06,02:57
2015120600,NYJ@NYG,0.0,4,2015-12-06,02:57
2015120601,HOU@BUF,0.0,4,2015-12-06,03:46
2015120609,ARI@STL,0.0,4,2015-12-06,03:51
2015120611,DEN@SD,0.0,4,2015-12-06,04:13
2015120603,CIN@CLE,0.0,4,2015-12-06,04:33
2015120602,BAL@MIA,0.0,4,2015-12-06,04:43
2015120610,KC@OAK,0.0,4,2015-12-06,04:45
2015120601,HOU@BUF,0.0,4,2015-12-06,06:51
2015120611,DEN@SD,0.0,4,2015-12-06,06:52
2015120608,ATL@TB,0.0,4,2015-12-06,07:04
2015120611,DEN@SD,0.0,4,2015-12-06,09:12
2015120607,CAR@NO,0.0,4,2015-12-06,09:32
2015120602,BAL@MIA,0.0,4,2015-12-06,10:08
2015120609,ARI@STL,0.0,4,2015-12-06,11:09
2015120601,HOU@BUF,0.0,4,2015-12-06,12:13
2015120605,SF@CHI,0.0,4,2015-12-06,12:58
2015120601,HOU@BUF,0.0,4,2015-12-06,13:28
2015120609,ARI@STL,0.0,4,2015-12-06,13:58
2015120605,SF@CHI,0.0,4,2015-12-06,14:26
2015120608,ATL@TB,0.0,4,2015-12-06,15:00
2015120605,SF@CHI,1.0,4,2015-12-06,09:45
2015120612,PHI@NE,3.0,4,2015-12-06,07:54
2015120608,ATL@TB,3.0,4,2015-12-06,09:53
2015120605,SF@CHI,6.0,4,2015-12-06,07:34
2015120612,PHI@NE,6.0,4,2015-12-06,10:21
2015120606,SEA@MIN,7.0,4,2015-12-06,01:32
2015120612,PHI@NE,9.0,4,2015-12-06,08:03
2015120601,HOU@BUF,16.0,4,2015-12-06,05:08
2015120606,SEA@MIN,24.0,4,2015-12-06,03:08
2015120601,HOU@BUF,42.0,4,2015-12-06,02:46
2015120613,IND@PIT,71.0,4,2015-12-06,04:18
2015120605,SF@CHI,0.0,5,2015-12-06,13:13
2015120605,SF@CHI,0.0,5,2015-12-06,14:37
2015120700,DAL@WAS,0.0,1,2015-12-07,00:22
2015120700,DAL@WAS,0.0,1,2015-12-07,05:35
2015120700,DAL@WAS,0.0,1,2015-12-07,07:20
2015120700,DAL@WAS,0.0,1,2015-12-07,11:17
2015120700,DAL@WAS,11.0,1,2015-12-07,02:32
2015120700,DAL@WAS,15.0,1,2015-12-07,09:43
2015120700,DAL@WAS,23.0,1,2015-12-07,13:05
2015120700,DAL@WAS,26.0,1,2015-12-07,13:18
2015120700,DAL@WAS,0.0,2,2015-12-07,11:55
2015120700,DAL@WAS,4.0,4,2015-12-07,03:25
2015121000,MIN@ARI,0.0,1,2015-12-10,00:29
2015121000,MIN@ARI,0.0,2,2015-12-10,03:52
2015121000,MIN@ARI,0.0,2,2015-12-10,13:35
2015121000,MIN@ARI,4.0,3,2015-12-10,07:20
2015121000,MIN@ARI,33.0,4,2015-12-10,10:21
2015121312,DAL@GB,-2.0,1,2015-12-13,12:40
2015121311,OAK@DEN,0.0,1,2015-12-13,01:10
2015121313,SEA@BAL,0.0,1,2015-12-13,02:26
2015121307,ATL@CAR,0.0,1,2015-12-13,03:45
2015121301,TEN@NYJ,0.0,1,2015-12-13,04:01
2015121308,NO@TB,0.0,1,2015-12-13,04:33
2015121300,BUF@PHI,0.0,1,2015-12-13,04:36
2015121304,IND@JAC,0.0,1,2015-12-13,05:22
2015121308,NO@TB,0.0,1,2015-12-13,06:27
2015121311,OAK@DEN,0.0,1,2015-12-13,06:40
2015121305,SD@KC,0.0,1,2015-12-13,07:29
2015121309,DET@STL,0.0,1,2015-12-13,07:33
2015121307,ATL@CAR,0.0,1,2015-12-13,08:15
2015121310,SF@CLE,0.0,1,2015-12-13,09:13
2015121309,DET@STL,0.0,1,2015-12-13,10:23
2015121313,SEA@BAL,0.0,1,2015-12-13,11:31
2015121309,DET@STL,0.0,1,2015-12-13,12:19
2015121308,NO@TB,0.0,1,2015-12-13,13:12
2015121304,IND@JAC,3.0,1,2015-12-13,06:59
2015121313,SEA@BAL,3.0,1,2015-12-13,13:33
2015121304,IND@JAC,4.0,1,2015-12-13,03:21
2015121300,BUF@PHI,5.0,1,2015-12-13,12:51
2015121308,NO@TB,6.0,1,2015-12-13,01:58
2015121313,SEA@BAL,10.0,1,2015-12-13,01:22
2015121309,DET@STL,10.0,1,2015-12-13,03:15
2015121310,SF@CLE,11.0,1,2015-12-13,03:01
2015121300,BUF@PHI,11.0,1,2015-12-13,07:03
2015121303,NE@HOU,11.0,1,2015-12-13,11:35
2015121300,BUF@PHI,12.0,1,2015-12-13,03:22
2015121301,TEN@NYJ,12.0,1,2015-12-13,08:55
2015121303,NE@HOU,13.0,1,2015-12-13,13:16
2015121303,NE@HOU,21.0,1,2015-12-13,09:43
2015121306,WAS@CHI,27.0,1,2015-12-13,02:50
2015121311,OAK@DEN,29.0,1,2015-12-13,06:53
2015121305,SD@KC,58.0,1,2015-12-13,13:27
2015121312,DAL@GB,-2.0,2,2015-12-13,00:56
2015121310,SF@CLE,0.0,2,2015-12-13,00:31
2015121309,DET@STL,0.0,2,2015-12-13,01:26
2015121300,BUF@PHI,0.0,2,2015-12-13,01:37
2015121304,IND@JAC,0.0,2,2015-12-13,02:21
2015121302,PIT@CIN,0.0,2,2015-12-13,02:33
2015121306,WAS@CHI,0.0,2,2015-12-13,03:03
2015121311,OAK@DEN,0.0,2,2015-12-13,03:44
2015121307,ATL@CAR,0.0,2,2015-12-13,03:53
2015121313,SEA@BAL,0.0,2,2015-12-13,04:04
2015121300,BUF@PHI,0.0,2,2015-12-13,04:07
2015121303,NE@HOU,0.0,2,2015-12-13,04:25
2015121304,IND@JAC,0.0,2,2015-12-13,04:48
2015121304,IND@JAC,0.0,2,2015-12-13,05:31
2015121304,IND@JAC,0.0,2,2015-12-13,06:57
2015121312,DAL@GB,0.0,2,2015-12-13,07:00
2015121305,SD@KC,0.0,2,2015-12-13,07:24
2015121310,SF@CLE,0.0,2,2015-12-13,07:33
2015121306,WAS@CHI,0.0,2,2015-12-13,07:34
2015121307,ATL@CAR,0.0,2,2015-12-13,08:21
2015121304,IND@JAC,0.0,2,2015-12-13,09:33
2015121307,ATL@CAR,0.0,2,2015-12-13,09:37
2015121300,BUF@PHI,0.0,2,2015-12-13,11:46
2015121304,IND@JAC,0.0,2,2015-12-13,12:13
2015121300,BUF@PHI,0.0,2,2015-12-13,12:48
2015121309,DET@STL,0.0,2,2015-12-13,13:13
2015121311,OAK@DEN,0.0,2,2015-12-13,15:00
2015121312,DAL@GB,1.0,2,2015-12-13,01:57
2015121312,DAL@GB,3.0,2,2015-12-13,14:15
2015121302,PIT@CIN,4.0,2,2015-12-13,01:14
2015121309,DET@STL,4.0,2,2015-12-13,08:46
2015121301,TEN@NYJ,7.0,2,2015-12-13,07:47
2015121311,OAK@DEN,8.0,2,2015-12-13,13:18
2015121301,TEN@NYJ,11.0,2,2015-12-13,01:55
2015121313,SEA@BAL,12.0,2,2015-12-13,01:13
2015121303,NE@HOU,12.0,2,2015-12-13,02:58
2015121306,WAS@CHI,16.0,2,2015-12-13,01:27
2015121309,DET@STL,22.0,2,2015-12-13,07:19
2015121310,SF@CLE,36.0,2,2015-12-13,05:56
2015121303,NE@HOU,-2.0,3,2015-12-13,02:47
2015121302,PIT@CIN,-1.0,3,2015-12-13,07:13
2015121307,ATL@CAR,-1.0,3,2015-12-13,11:57
2015121303,NE@HOU,0.0,3,2015-12-13,01:08
2015121312,DAL@GB,0.0,3,2015-12-13,01:35
2015121305,SD@KC,0.0,3,2015-12-13,02:22
2015121311,OAK@DEN,0.0,3,2015-12-13,02:45
2015121312,DAL@GB,0.0,3,2015-12-13,03:06
2015121304,IND@JAC,0.0,3,2015-12-13,04:00
2015121312,DAL@GB,0.0,3,2015-12-13,04:33
2015121310,SF@CLE,0.0,3,2015-12-13,04:39
2015121311,OAK@DEN,0.0,3,2015-12-13,04:44
2015121303,NE@HOU,0.0,3,2015-12-13,04:55
2015121313,SEA@BAL,0.0,3,2015-12-13,05:01
2015121310,SF@CLE,0.0,3,2015-12-13,07:18
2015121303,NE@HOU,0.0,3,2015-12-13,07:34
2015121302,PIT@CIN,0.0,3,2015-12-13,08:13
2015121311,OAK@DEN,0.0,3,2015-12-13,08:14
2015121312,DAL@GB,0.0,3,2015-12-13,10:39
2015121303,NE@HOU,0.0,3,2015-12-13,10:46
2015121310,SF@CLE,0.0,3,2015-12-13,10:50
2015121308,NO@TB,0.0,3,2015-12-13,11:22
2015121304,IND@JAC,0.0,3,2015-12-13,13:54
2015121307,ATL@CAR,0.0,3,2015-12-13,14:08
2015121309,DET@STL,0.0,3,2015-12-13,14:10
2015121308,NO@TB,1.0,3,2015-12-13,00:20
2015121301,TEN@NYJ,2.0,3,2015-12-13,08:21
2015121301,TEN@NYJ,2.0,3,2015-12-13,12:53
2015121305,SD@KC,4.0,3,2015-12-13,00:55
2015121306,WAS@CHI,6.0,3,2015-12-13,13:44
2015121311,OAK@DEN,7.0,3,2015-12-13,03:48
2015121309,DET@STL,7.0,3,2015-12-13,12:08
2015121311,OAK@DEN,9.0,3,2015-12-13,07:52
2015121312,DAL@GB,9.0,3,2015-12-13,13:30
2015121300,BUF@PHI,14.0,3,2015-12-13,04:11
2015121304,IND@JAC,73.0,3,2015-12-13,12:06
2015121309,DET@STL,83.0,3,2015-12-13,01:04
2015121312,DAL@GB,-2.0,4,2015-12-13,13:24
2015121306,WAS@CHI,0.0,4,2015-12-13,02:19
2015121300,BUF@PHI,0.0,4,2015-12-13,02:26
2015121311,OAK@DEN,0.0,4,2015-12-13,02:43
2015121303,NE@HOU,0.0,4,2015-12-13,03:23
2015121310,SF@CLE,0.0,4,2015-12-13,03:31
2015121308,NO@TB,0.0,4,2015-12-13,04:21
2015121303,NE@HOU,0.0,4,2015-12-13,04:53
2015121305,SD@KC,0.0,4,2015-12-13,05:08
2015121308,NO@TB,0.0,4,2015-12-13,05:31
2015121309,DET@STL,0.0,4,2015-12-13,06:28
2015121306,WAS@CHI,0.0,4,2015-12-13,06:29
2015121301,TEN@NYJ,0.0,4,2015-12-13,08:13
2015121309,DET@STL,0.0,4,2015-12-13,08:24
2015121300,BUF@PHI,0.0,4,2015-12-13,08:42
2015121301,TEN@NYJ,0.0,4,2015-12-13,08:47
2015121311,OAK@DEN,0.0,4,2015-12-13,08:57
2015121306,WAS@CHI,0.0,4,2015-12-13,09:25
2015121305,SD@KC,0.0,4,2015-12-13,11:09
2015121312,DAL@GB,0.0,4,2015-12-13,11:25
2015121307,ATL@CAR,0.0,4,2015-12-13,12:07
2015121306,WAS@CHI,0.0,4,2015-12-13,12:58
2015121308,NO@TB,0.0,4,2015-12-13,13:09
2015121310,SF@CLE,0.0,4,2015-12-13,13:47
2015121313,SEA@BAL,0.0,4,2015-12-13,14:06
2015121312,DAL@GB,0.0,4,2015-12-13,14:22
2015121311,OAK@DEN,0.0,4,2015-12-13,14:55
2015121301,TEN@NYJ,0.0,4,2015-12-13,15:00
2015121307,ATL@CAR,11.0,4,2015-12-13,08:30
2015121300,BUF@PHI,13.0,4,2015-12-13,02:00
2015121303,NE@HOU,13.0,4,2015-12-13,13:49
2015121300,BUF@PHI,14.0,4,2015-12-13,05:36
2015121305,SD@KC,15.0,4,2015-12-13,09:38
2015121311,OAK@DEN,22.0,4,2015-12-13,07:02
2015121313,SEA@BAL,24.0,4,2015-12-13,12:14
2015121300,BUF@PHI,28.0,4,2015-12-13,09:31
2015121400,NYG@MIA,0.0,1,2015-12-14,03:11
2015121400,NYG@MIA,20.0,1,2015-12-14,01:39
2015121400,NYG@MIA,0.0,2,2015-12-14,06:02
2015121400,NYG@MIA,10.0,2,2015-12-14,00:13
2015121400,NYG@MIA,10.0,2,2015-12-14,08:57
2015121400,NYG@MIA,15.0,3,2015-12-14,03:36
2015121400,NYG@MIA,20.0,3,2015-12-14,13:06
2015121400,NYG@MIA,0.0,4,2015-12-14,04:52
2015121400,NYG@MIA,0.0,4,2015-12-14,05:59
2015121400,NYG@MIA,0.0,4,2015-12-14,07:29
2015121400,NYG@MIA,0.0,4,2015-12-14,12:08
2015121700,TB@STL,0.0,1,2015-12-17,01:52
2015121700,TB@STL,0.0,1,2015-12-17,06:47
2015121700,TB@STL,0.0,1,2015-12-17,08:50
2015121700,TB@STL,0.0,2,2015-12-17,01:17
2015121700,TB@STL,0.0,2,2015-12-17,14:57
2015121700,TB@STL,0.0,4,2015-12-17,04:05
2015121700,TB@STL,0.0,4,2015-12-17,06:21
2015121700,TB@STL,0.0,4,2015-12-17,15:00
2015121900,NYJ@DAL,0.0,1,2015-12-19,02:24
2015121900,NYJ@DAL,0.0,1,2015-12-19,09:46
2015121900,NYJ@DAL,0.0,2,2015-12-19,04:49
2015121900,NYJ@DAL,0.0,2,2015-12-19,11:24
2015121900,NYJ@DAL,0.0,2,2015-12-19,13:30
2015121900,NYJ@DAL,15.0,2,2015-12-19,02:00
2015121900,NYJ@DAL,3.0,3,2015-12-19,01:58
2015121900,NYJ@DAL,5.0,3,2015-12-19,09:31
2015121900,NYJ@DAL,7.0,4,2015-12-19,14:15
2015122012,CIN@SF,-3.0,1,2015-12-20,04:29
2015122012,CIN@SF,-2.0,1,2015-12-20,02:51
2015122009,GB@OAK,-2.0,1,2015-12-20,12:59
2015122012,CIN@SF,-2.0,1,2015-12-20,13:12
2015122009,GB@OAK,-1.0,1,2015-12-20,08:09
2015122011,MIA@SD,0.0,1,2015-12-20,01:09
2015122003,ATL@JAC,0.0,1,2015-12-20,02:35
2015122010,DEN@PIT,0.0,1,2015-12-20,03:25
2015122002,CHI@MIN,0.0,1,2015-12-20,03:45
2015122004,HOU@IND,0.0,1,2015-12-20,06:30
2015122003,ATL@JAC,0.0,1,2015-12-20,08:45
2015122012,CIN@SF,0.0,1,2015-12-20,09:02
2015122009,GB@OAK,0.0,1,2015-12-20,09:31
2015122000,CAR@NYG,0.0,1,2015-12-20,10:29
2015122012,CIN@SF,0.0,1,2015-12-20,11:37
2015122010,DEN@PIT,0.0,1,2015-12-20,11:49
2015122002,CHI@MIN,0.0,1,2015-12-20,12:17
2015122000,CAR@NYG,0.0,1,2015-12-20,12:50
2015122005,TEN@NE,0.0,1,2015-12-20,13:45
2015122011,MIA@SD,1.0,1,2015-12-20,10:40
2015122007,BUF@WAS,5.0,1,2015-12-20,02:55
2015122005,TEN@NE,6.0,1,2015-12-20,00:55
2015122003,ATL@JAC,8.0,1,2015-12-20,10:02
2015122005,TEN@NE,9.0,1,2015-12-20,03:21
2015122003,ATL@JAC,10.0,1,2015-12-20,04:14
2015122006,KC@BAL,10.0,1,2015-12-20,05:06
2015122000,CAR@NYG,17.0,1,2015-12-20,11:46
2015122011,MIA@SD,18.0,1,2015-12-20,02:41
2015122008,CLE@SEA,0.0,2,2015-12-20,00:23
2015122004,HOU@IND,0.0,2,2015-12-20,02:23
2015122003,ATL@JAC,0.0,2,2015-12-20,02:56
2015122011,MIA@SD,0.0,2,2015-12-20,03:18
2015122012,CIN@SF,0.0,2,2015-12-20,03:30
2015122006,KC@BAL,0.0,2,2015-12-20,04:13
2015122000,CAR@NYG,0.0,2,2015-12-20,04:26
2015122009,GB@OAK,0.0,2,2015-12-20,05:11
2015122000,CAR@NYG,0.0,2,2015-12-20,05:56
2015122006,KC@BAL,0.0,2,2015-12-20,06:14
2015122001,ARI@PHI,0.0,2,2015-12-20,06:20
2015122009,GB@OAK,0.0,2,2015-12-20,06:20
2015122002,CHI@MIN,0.0,2,2015-12-20,08:11
2015122003,ATL@JAC,0.0,2,2015-12-20,09:37
2015122012,CIN@SF,0.0,2,2015-12-20,10:01
2015122002,CHI@MIN,0.0,2,2015-12-20,10:06
2015122001,ARI@PHI,0.0,2,2015-12-20,10:30
2015122007,BUF@WAS,0.0,2,2015-12-20,10:44
2015122000,CAR@NYG,0.0,2,2015-12-20,10:55
2015122004,HOU@IND,0.0,2,2015-12-20,11:29
2015122001,ARI@PHI,0.0,2,2015-12-20,12:24
2015122009,GB@OAK,0.0,2,2015-12-20,12:46
2015122006,KC@BAL,0.0,2,2015-12-20,12:49
2015122011,MIA@SD,0.0,2,2015-12-20,14:23
2015122012,CIN@SF,0.0,2,2015-12-20,15:00
2015122011,MIA@SD,1.0,2,2015-12-20,07:40
2015122000,CAR@NYG,2.0,2,2015-12-20,09:10
2015122000,CAR@NYG,2.0,2,2015-12-20,14:07
2015122007,BUF@WAS,5.0,2,2015-12-20,07:09
2015122012,CIN@SF,5.0,2,2015-12-20,13:29
2015122008,CLE@SEA,5.0,2,2015-12-20,14:02
2015122000,CAR@NYG,8.0,2,2015-12-20,01:34
2015122006,KC@BAL,12.0,2,2015-12-20,09:47
2015122003,ATL@JAC,17.0,2,2015-12-20,11:10
2015122004,HOU@IND,19.0,2,2015-12-20,08:39
2015122003,ATL@JAC,20.0,2,2015-12-20,01:53
2015122005,TEN@NE,22.0,2,2015-12-20,01:28
2015122004,HOU@IND,33.0,2,2015-12-20,13:01
2015122006,KC@BAL,-10.0,3,2015-12-20,06:09
2015122004,HOU@IND,-1.0,3,2015-12-20,00:44
2015122003,ATL@JAC,0.0,3,2015-12-20,00:08
2015122006,KC@BAL,0.0,3,2015-12-20,00:35
2015122005,TEN@NE,0.0,3,2015-12-20,01:06
2015122002,CHI@MIN,0.0,3,2015-12-20,02:06
2015122006,KC@BAL,0.0,3,2015-12-20,02:18
2015122009,GB@OAK,0.0,3,2015-12-20,03:25
2015122008,CLE@SEA,0.0,3,2015-12-20,06:03
2015122011,MIA@SD,0.0,3,2015-12-20,10:32
2015122010,DEN@PIT,0.0,3,2015-12-20,10:40
2015122008,CLE@SEA,0.0,3,2015-12-20,11:18
2015122006,KC@BAL,0.0,3,2015-12-20,11:21
2015122010,DEN@PIT,0.0,3,2015-12-20,11:33
2015122000,CAR@NYG,0.0,3,2015-12-20,12:54
2015122000,CAR@NYG,0.0,3,2015-12-20,13:38
2015122011,MIA@SD,0.0,3,2015-12-20,13:42
2015122001,ARI@PHI,0.0,3,2015-12-20,14:08
2015122011,MIA@SD,3.0,3,2015-12-20,08:37
2015122012,CIN@SF,4.0,3,2015-12-20,07:30
2015122007,BUF@WAS,5.0,3,2015-12-20,04:33
2015122001,ARI@PHI,6.0,3,2015-12-20,05:00
2015122012,CIN@SF,7.0,3,2015-12-20,00:22
2015122004,HOU@IND,7.0,3,2015-12-20,11:41
2015122011,MIA@SD,10.0,3,2015-12-20,12:15
2015122006,KC@BAL,11.0,3,2015-12-20,13:33
2015122010,DEN@PIT,13.0,3,2015-12-20,12:52
2015122009,GB@OAK,14.0,3,2015-12-20,13:23
2015122004,HOU@IND,15.0,3,2015-12-20,07:21
2015122004,HOU@IND,15.0,3,2015-12-20,09:40
2015122004,HOU@IND,15.0,3,2015-12-20,12:32
2015122011,MIA@SD,16.0,3,2015-12-20,13:35
2015122005,TEN@NE,18.0,3,2015-12-20,14:14
2015122010,DEN@PIT,19.0,3,2015-12-20,05:45
2015122000,CAR@NYG,36.0,3,2015-12-20,08:34
2015122010,DEN@PIT,71.0,3,2015-12-20,01:27
2015122007,BUF@WAS,0.0,4,2015-12-20,04:19
2015122000,CAR@NYG,0.0,4,2015-12-20,04:25
2015122007,BUF@WAS,0.0,4,2015-12-20,05:22
2015122010,DEN@PIT,0.0,4,2015-12-20,05:43
2015122007,BUF@WAS,0.0,4,2015-12-20,06:24
2015122004,HOU@IND,0.0,4,2015-12-20,06:54
2015122005,TEN@NE,0.0,4,2015-12-20,07:11
2015122010,DEN@PIT,0.0,4,2015-12-20,07:36
2015122003,ATL@JAC,0.0,4,2015-12-20,08:33
2015122010,DEN@PIT,0.0,4,2015-12-20,09:20
2015122002,CHI@MIN,0.0,4,2015-12-20,10:11
2015122010,DEN@PIT,0.0,4,2015-12-20,11:19
2015122005,TEN@NE,0.0,4,2015-12-20,12:36
2015122012,CIN@SF,0.0,4,2015-12-20,14:12
2015122002,CHI@MIN,0.0,4,2015-12-20,14:28
2015122003,ATL@JAC,3.0,4,2015-12-20,13:35
2015122012,CIN@SF,6.0,4,2015-12-20,06:21
2015122001,ARI@PHI,6.0,4,2015-12-20,10:22
2015122012,CIN@SF,7.0,4,2015-12-20,12:05
2015122009,GB@OAK,10.0,4,2015-12-20,07:02
2015122010,DEN@PIT,10.0,4,2015-12-20,15:00
2015122011,MIA@SD,11.0,4,2015-12-20,07:18
2015122004,HOU@IND,15.0,4,2015-12-20,03:18
2015122012,CIN@SF,17.0,4,2015-12-20,01:36
2015122006,KC@BAL,17.0,4,2015-12-20,01:50
2015122000,CAR@NYG,21.0,4,2015-12-20,14:55
2015122100,DET@NO,0.0,1,2015-12-21,10:32
2015122100,DET@NO,0.0,1,2015-12-21,11:25
2015122100,DET@NO,14.0,1,2015-12-21,13:38
2015122100,DET@NO,7.0,2,2015-12-21,11:15
2015122100,DET@NO,0.0,3,2015-12-21,10:20
2015122100,DET@NO,6.0,3,2015-12-21,01:33
2015122100,DET@NO,6.0,3,2015-12-21,07:42
2015122400,SD@OAK,0.0,1,2015-12-24,01:18
2015122400,SD@OAK,0.0,2,2015-12-24,03:12
2015122400,SD@OAK,0.0,2,2015-12-24,14:58
2015122400,SD@OAK,9.0,2,2015-12-24,04:42
2015122400,SD@OAK,0.0,3,2015-12-24,03:35
2015122400,SD@OAK,0.0,3,2015-12-24,04:53
2015122400,SD@OAK,0.0,3,2015-12-24,07:11
2015122400,SD@OAK,0.0,3,2015-12-24,09:13
2015122400,SD@OAK,0.0,3,2015-12-24,10:22
2015122400,SD@OAK,0.0,3,2015-12-24,12:35
2015122400,SD@OAK,2.0,3,2015-12-24,00:10
2015122400,SD@OAK,0.0,4,2015-12-24,00:10
2015122400,SD@OAK,0.0,4,2015-12-24,06:32
2015122600,WAS@PHI,0.0,1,2015-12-26,08:44
2015122600,WAS@PHI,0.0,1,2015-12-26,11:15
2015122600,WAS@PHI,5.0,1,2015-12-26,04:50
2015122600,WAS@PHI,-3.0,2,2015-12-26,12:10
2015122600,WAS@PHI,0.0,2,2015-12-26,00:40
2015122600,WAS@PHI,0.0,2,2015-12-26,04:26
2015122600,WAS@PHI,0.0,2,2015-12-26,08:19
2015122600,WAS@PHI,0.0,2,2015-12-26,10:20
2015122600,WAS@PHI,0.0,2,2015-12-26,14:16
2015122600,WAS@PHI,0.0,3,2015-12-26,01:51
2015122600,WAS@PHI,0.0,3,2015-12-26,04:10
2015122600,WAS@PHI,0.0,3,2015-12-26,12:23
2015122600,WAS@PHI,5.0,3,2015-12-26,11:12
2015122600,WAS@PHI,0.0,4,2015-12-26,03:27
2015122703,HOU@TEN,0.0,1,2015-12-27,00:32
2015122708,CHI@TB,0.0,1,2015-12-27,02:29
2015122711,STL@SEA,0.0,1,2015-12-27,02:44
2015122706,NYG@MIN,0.0,1,2015-12-27,04:01
2015122705,SF@DET,0.0,1,2015-12-27,04:01
2015122710,GB@ARI,0.0,1,2015-12-27,06:00
2015122706,NYG@MIN,0.0,1,2015-12-27,06:39
2015122700,JAC@NO,0.0,1,2015-12-27,06:57
2015122704,CLE@KC,0.0,1,2015-12-27,07:09
2015122708,CHI@TB,0.0,1,2015-12-27,08:40
2015122702,NE@NYJ,0.0,1,2015-12-27,10:26
2015122701,IND@MIA,0.0,1,2015-12-27,10:49
2015122710,GB@ARI,0.0,1,2015-12-27,10:52
2015122708,CHI@TB,0.0,1,2015-12-27,12:02
2015122706,NYG@MIN,0.0,1,2015-12-27,12:46
2015122702,NE@NYJ,0.0,1,2015-12-27,13:16
2015122710,GB@ARI,0.0,1,2015-12-27,13:41
2015122706,NYG@MIN,0.0,1,2015-12-27,13:42
2015122711,STL@SEA,3.0,1,2015-12-27,11:02
2015122703,HOU@TEN,7.0,1,2015-12-27,09:38
2015122711,STL@SEA,7.0,1,2015-12-27,12:50
2015122702,NE@NYJ,8.0,1,2015-12-27,01:00
2015122710,GB@ARI,9.0,1,2015-12-27,02:48
2015122706,NYG@MIN,12.0,1,2015-12-27,08:46
2015122701,IND@MIA,15.0,1,2015-12-27,00:07
2015122712,PIT@BAL,-1.0,2,2015-12-27,00:38
2015122703,HOU@TEN,0.0,2,2015-12-27,00:53
2015122706,NYG@MIN,0.0,2,2015-12-27,01:14
2015122701,IND@MIA,0.0,2,2015-12-27,01:16
2015122707,CAR@ATL,0.0,2,2015-12-27,01:52
2015122710,GB@ARI,0.0,2,2015-12-27,02:08
2015122705,SF@DET,0.0,2,2015-12-27,02:48
2015122706,NYG@MIN,0.0,2,2015-12-27,05:28
2015122712,PIT@BAL,0.0,2,2015-12-27,05:45
2015122712,PIT@BAL,0.0,2,2015-12-27,07:10
2015122707,CAR@ATL,0.0,2,2015-12-27,08:05
2015122711,STL@SEA,0.0,2,2015-12-27,09:04
2015122710,GB@ARI,0.0,2,2015-12-27,10:57
2015122709,DAL@BUF,0.0,2,2015-12-27,10:57
2015122707,CAR@ATL,0.0,2,2015-12-27,11:17
2015122703,HOU@TEN,0.0,2,2015-12-27,11:21
2015122706,NYG@MIN,0.0,2,2015-12-27,13:17
2015122711,STL@SEA,0.0,2,2015-12-27,13:41
2015122702,NE@NYJ,0.0,2,2015-12-27,14:51
2015122708,CHI@TB,0.0,2,2015-12-27,14:57
2015122704,CLE@KC,1.0,2,2015-12-27,02:15
2015122703,HOU@TEN,2.0,2,2015-12-27,07:16
2015122703,HOU@TEN,3.0,2,2015-12-27,01:43
2015122700,JAC@NO,4.0,2,2015-12-27,07:13
2015122708,CHI@TB,5.0,2,2015-12-27,02:00
2015122700,JAC@NO,7.0,2,2015-12-27,09:12
2015122704,CLE@KC,8.0,2,2015-12-27,15:00
2015122704,CLE@KC,9.0,2,2015-12-27,01:46
2015122704,CLE@KC,16.0,2,2015-12-27,12:46
2015122703,HOU@TEN,18.0,2,2015-12-27,01:18
2015122703,HOU@TEN,20.0,2,2015-12-27,05:44
2015122711,STL@SEA,21.0,2,2015-12-27,07:01
2015122709,DAL@BUF,28.0,2,2015-12-27,08:31
2015122705,SF@DET,31.0,2,2015-12-27,10:01
2015122701,IND@MIA,0.0,3,2015-12-27,00:36
2015122712,PIT@BAL,0.0,3,2015-12-27,00:37
2015122711,STL@SEA,0.0,3,2015-12-27,01:00
2015122705,SF@DET,0.0,3,2015-12-27,01:39
2015122708,CHI@TB,0.0,3,2015-12-27,02:55
2015122711,STL@SEA,0.0,3,2015-12-27,03:10
2015122705,SF@DET,0.0,3,2015-12-27,04:03
2015122710,GB@ARI,0.0,3,2015-12-27,04:34
2015122706,NYG@MIN,0.0,3,2015-12-27,05:25
2015122704,CLE@KC,0.0,3,2015-12-27,05:35
2015122703,HOU@TEN,0.0,3,2015-12-27,05:45
2015122705,SF@DET,0.0,3,2015-12-27,06:56
2015122712,PIT@BAL,0.0,3,2015-12-27,07:18
2015122712,PIT@BAL,0.0,3,2015-12-27,09:24
2015122701,IND@MIA,0.0,3,2015-12-27,10:31
2015122701,IND@MIA,0.0,3,2015-12-27,10:42
2015122709,DAL@BUF,0.0,3,2015-12-27,12:01
2015122709,DAL@BUF,0.0,3,2015-12-27,13:31
2015122712,PIT@BAL,0.0,3,2015-12-27,14:29
2015122706,NYG@MIN,1.0,3,2015-12-27,12:53
2015122708,CHI@TB,3.0,3,2015-12-27,09:26
2015122701,IND@MIA,19.0,3,2015-12-27,13:01
2015122712,PIT@BAL,0.0,4,2015-12-27,00:12
2015122700,JAC@NO,0.0,4,2015-12-27,00:28
2015122702,NE@NYJ,0.0,4,2015-12-27,00:33
2015122704,CLE@KC,0.0,4,2015-12-27,02:00
2015122701,IND@MIA,0.0,4,2015-12-27,02:56
2015122712,PIT@BAL,0.0,4,2015-12-27,03:05
2015122710,GB@ARI,0.0,4,2015-12-27,03:26
2015122711,STL@SEA,0.0,4,2015-12-27,04:57
2015122704,CLE@KC,0.0,4,2015-12-27,05:41
2015122703,HOU@TEN,0.0,4,2015-12-27,06:12
2015122709,DAL@BUF,0.0,4,2015-12-27,07:02
2015122703,HOU@TEN,0.0,4,2015-12-27,07:07
2015122711,STL@SEA,0.0,4,2015-12-27,07:25
2015122702,NE@NYJ,0.0,4,2015-12-27,07:42
2015122710,GB@ARI,0.0,4,2015-12-27,08:28
2015122700,JAC@NO,0.0,4,2015-12-27,09:55
2015122710,GB@ARI,0.0,4,2015-12-27,10:04
2015122702,NE@NYJ,0.0,4,2015-12-27,12:02
2015122708,CHI@TB,0.0,4,2015-12-27,13:30
2015122709,DAL@BUF,0.0,4,2015-12-27,14:06
2015122707,CAR@ATL,0.0,4,2015-12-27,14:12
2015122703,HOU@TEN,1.0,4,2015-12-27,10:02
2015122702,NE@NYJ,4.0,4,2015-12-27,06:37
2015122709,DAL@BUF,4.0,4,2015-12-27,11:51
2015122703,HOU@TEN,7.0,4,2015-12-27,08:43
2015122703,HOU@TEN,8.0,4,2015-12-27,03:51
2015122711,STL@SEA,13.0,4,2015-12-27,01:15
2015122702,NE@NYJ,15.0,4,2015-12-27,10:38
2015122701,IND@MIA,16.0,4,2015-12-27,14:23
2015122800,CIN@DEN,1.0,1,2015-12-28,03:52
2015122800,CIN@DEN,3.0,2,2015-12-28,08:14
2015122800,CIN@DEN,0.0,3,2015-12-28,03:09
2015122800,CIN@DEN,0.0,3,2015-12-28,06:15
2015122800,CIN@DEN,0.0,3,2015-12-28,08:10
2015122800,CIN@DEN,7.0,3,2015-12-28,01:56
2015122800,CIN@DEN,-3.0,4,2015-12-28,13:45
2015122800,CIN@DEN,0.0,4,2015-12-28,01:51
2015122800,CIN@DEN,6.0,4,2015-12-28,15:00
2015122800,CIN@DEN,14.0,4,2015-12-28,12:03
